shape_name,rho,energy_ratio,separation,n_repeats,n_ok,n_body_observations,repeat_classes,group_class,regime,chaotic_like_count,chaotic_like_fraction,body_broadband_chaos_score_mean,body_chaos_score_mean,body_spectral_entropy_mean,body_peak_fraction_mean,body_lmax_fraction_mean,n_periodic,n_quasi-periodic,n_sensitive-regular,n_complex-regular,n_chaotic-like,n_chaotic,n_chaotic-candidate,n_ambiguous,n_mixed,n_incomplete
ellipsoid_1_0p8_0p6,0.03,0.2,11.0,5,4,9,chaotic-like;complex-regular;chaotic-like;chaotic-like;complex-regular;complex-regular;incomplete;chaotic-like;chaotic-like,chaotic-like,chaotic-regime,5,0.5555555555555556,0.5879447784366152,0.5567968454792629,0.529140563173574,0.6784809072741045,0.3802295918367347,0,0,0,3,5,0,0,0,0,1
ellipsoid_1_0p8_0p6,0.03,0.2,3.0,5,4,9,complex-regular;complex-regular;complex-regular;complex-regular;complex-regular;complex-regular;complex-regular;complex-regular;incomplete,complex-regular,regular-regime,0,0.0,0.2723759651719403,0.24527902239930274,0.3605211875742847,0.9308578938957215,0.6651785714285714,0,0,0,8,0,0,0,0,0,1
ellipsoid_1_0p8_0p6,0.03,0.2,5.0,5,2,7,complex-regular;chaotic-like;incomplete;incomplete;incomplete;complex-regular;chaotic-like,chaotic-like,chaotic-regime,2,0.2857142857142857,0.6363808626456371,0.5951949508472035,0.5663007258619972,0.6365070604325078,0.4025510204081632,0,0,0,2,2,0,0,0,0,3
ellipsoid_1_0p8_0p6,0.03,0.2,8.0,5,3,8,incomplete;complex-regular;complex-regular;complex-regular;chaotic-like;chaotic-like;chaotic-like;incomplete,chaotic-like,chaotic-regime,3,0.375,0.6003578634809424,0.5655880209407468,0.5543950434680641,0.6340028168588082,0.4229591836734694,0,0,0,3,3,0,0,0,0,2
ellipsoid_1_0p8_0p6,0.03,0.55,11.0,5,5,10,complex-regular;chaotic-like;complex-regular;complex-regular;complex-regular;complex-regular;complex-regular;chaotic-like;chaotic-like;chaotic-like,complex-regular,chaotic-regime,4,0.4,0.43594949734845095,0.45534422000118147,0.4458182523366899,0.8315484136112324,0.4816326530612244,0,0,0,6,4,0,0,0,0,0
ellipsoid_1_0p8_0p6,0.03,0.55,3.0,5,4,9,complex-regular;chaotic-like;complex-regular;complex-regular;periodic;chaotic-like;quasi-periodic;chaotic-like;incomplete,mixed,chaotic-regime,3,0.3333333333333333,0.47891696250896587,0.4683129308797422,0.472734795940456,0.7776850774610649,0.5405612244897959,1,1,0,3,3,0,0,0,0,1
ellipsoid_1_0p8_0p6,0.03,0.55,5.0,5,4,9,periodic;complex-regular;complex-regular;complex-regular;incomplete;chaotic-like;complex-regular;chaotic-like;complex-regular,mixed,chaotic-regime,2,0.2222222222222222,0.42653370896087806,0.4015370522973878,0.4542925605209537,0.8073379889582173,0.6488520408163265,1,0,0,5,2,0,0,0,0,1
ellipsoid_1_0p8_0p6,0.03,0.55,8.0,5,5,10,chaotic-like;chaotic-like;complex-regular;complex-regular;chaotic-like;complex-regular;chaotic-like;complex-regular;chaotic-like;complex-regular,chaotic-like,chaotic-regime,5,0.5,0.5531006188878772,0.5345524592042198,0.5025641841426933,0.7260506982830236,0.4240816326530613,0,0,0,5,5,0,0,0,0,0
ellipsoid_1_0p8_0p6,0.03,1.5,11.0,5,4,9,periodic;chaotic-like;chaotic-like;chaotic-like;chaotic-like;complex-regular;quasi-periodic;complex-regular;incomplete,mixed,chaotic-regime,4,0.4444444444444444,0.6394342486697999,0.6492970576446415,0.5182067368034481,0.7022773311869253,0.3258928571428571,1,1,0,2,4,0,0,0,0,1
ellipsoid_1_0p8_0p6,0.03,1.5,3.0,5,4,9,complex-regular;chaotic-like;periodic;complex-regular;incomplete;complex-regular;periodic;quasi-periodic;chaotic-like,mixed,regular-regime,2,0.2222222222222222,0.4103772116594907,0.4223921128280651,0.4205562869297888,0.836532821419063,0.5696428571428571,2,1,0,3,2,0,0,0,0,1
ellipsoid_1_0p8_0p6,0.03,1.5,5.0,5,5,10,chaotic-like;chaotic-like;chaotic-like;complex-regular;chaotic-like;quasi-periodic;complex-regular;chaotic-like;complex-regular;chaotic-like,chaotic-like,chaotic-regime,6,0.6,0.6156204205805915,0.6334548221750507,0.508222481944758,0.7015631745933482,0.2991836734693878,0,1,0,3,6,0,0,0,0,0
ellipsoid_1_0p8_0p6,0.03,1.5,8.0,5,5,10,quasi-periodic;chaotic-like;chaotic-like;complex-regular;chaotic-like;chaotic-like;complex-regular;complex-regular;chaotic-like;chaotic-like,chaotic-like,chaotic-regime,6,0.6,0.6301787035693832,0.6387971522077792,0.513975081116401,0.6938630532844046,0.3639795918367347,0,1,0,3,6,0,0,0,0,0
ellipsoid_1_0p8_0p6,0.03,11.0,11.0,5,5,10,chaotic-like;chaotic-like;chaotic-like;periodic;chaotic-like;chaotic-like;chaotic-like;chaotic-like;complex-regular;complex-regular,mixed,chaotic-regime,7,0.7,0.5676999994532697,0.6377918880394692,0.4585959532691194,0.7808925840011264,0.3516326530612245,1,0,0,2,7,0,0,0,0,0
ellipsoid_1_0p8_0p6,0.03,11.0,3.0,5,5,10,complex-regular;chaotic-like;chaotic-like;chaotic-like;chaotic-like;chaotic-like;chaotic-like;complex-regular;chaotic-like;complex-regular,chaotic-like,chaotic-regime,7,0.7,0.656827919540109,0.7016612361703054,0.495435780924349,0.7191781481289282,0.27540816326530615,0,0,0,3,7,0,0,0,0,0
ellipsoid_1_0p8_0p6,0.03,11.0,5.0,5,5,10,chaotic-like;chaotic-like;complex-regular;chaotic-like;complex-regular;chaotic-like;complex-regular;chaotic-like;complex-regular;chaotic-like,chaotic-like,chaotic-regime,6,0.6,0.4905322253386153,0.5726307512558837,0.4102422562033502,0.8272781840084,0.2561224489795918,0,0,0,4,6,0,0,0,0,0
ellipsoid_1_0p8_0p6,0.03,11.0,8.0,5,5,10,chaotic-like;chaotic-like;chaotic-like;quasi-periodic;chaotic-like;sensitive-regular;chaotic-like;chaotic-like;sensitive-regular;chaotic-like,chaotic-like,chaotic-regime,7,0.7,0.6567798804583058,0.7300068835538285,0.49847060837251655,0.7217465205232119,0.27387755102040817,0,1,2,0,7,0,0,0,0,0
ellipsoid_1_0p8_0p6,0.03,30.0,11.0,5,5,10,periodic;quasi-periodic;chaotic-like;chaotic-like;chaotic-like;periodic;chaotic-like;quasi-periodic;quasi-periodic;complex-regular,mixed,regular-regime,4,0.4,0.40616708707455623,0.4485690204359029,0.4090022669788003,0.866099290917596,0.5408163265306123,2,3,0,1,4,0,0,0,0,0
ellipsoid_1_0p8_0p6,0.03,30.0,3.0,5,5,10,periodic;quasi-periodic;chaotic-like;chaotic-like;chaotic-like;quasi-periodic;periodic;chaotic-like;chaotic-like;quasi-periodic,mixed,chaotic-regime,5,0.5,0.46145896701189537,0.5047786960723106,0.4285407252241232,0.8242231473055321,0.5231632653061224,2,3,0,0,5,0,0,0,0,0
ellipsoid_1_0p8_0p6,0.03,30.0,5.0,5,5,10,periodic;periodic;quasi-periodic;complex-regular;complex-regular;complex-regular;quasi-periodic;sensitive-regular;complex-regular;quasi-periodic,mixed,regular-regime,0,0.0,0.2018664824397065,0.26727522630186634,0.3204069242514946,0.9745753428821555,0.8112244897959183,2,3,1,4,0,0,0,0,0,0
ellipsoid_1_0p8_0p6,0.03,30.0,8.0,5,5,10,complex-regular;quasi-periodic;quasi-periodic;chaotic-like;chaotic-like;periodic;complex-regular;chaotic-like;quasi-periodic;chaotic-like,mixed,regular-regime,4,0.4,0.3770951929773182,0.4523480011197794,0.39388393111947784,0.8840250384005804,0.5333673469387754,1,3,0,2,4,0,0,0,0,0
ellipsoid_1_0p8_0p6,0.03,4.0,11.0,5,5,10,chaotic-like;chaotic-like;chaotic-like;chaotic-like;chaotic-like;chaotic-like;chaotic-like;chaotic-like;quasi-periodic;complex-regular,chaotic-like,chaotic-regime,8,0.8,0.7664871229662016,0.7916163787870723,0.557725106045319,0.6179934059423302,0.22020408163265306,0,1,0,1,8,0,0,0,0,0
ellipsoid_1_0p8_0p6,0.03,4.0,3.0,5,3,8,chaotic-like;complex-regular;chaotic-like;quasi-periodic;incomplete;incomplete;complex-regular;chaotic-like,chaotic-like,chaotic-regime,3,0.375,0.5631444304665655,0.5597688078749334,0.48281029902740885,0.7575430816074348,0.39285714285714285,0,1,0,2,3,0,0,0,0,2
ellipsoid_1_0p8_0p6,0.03,4.0,5.0,5,5,10,complex-regular;chaotic-like;chaotic-like;chaotic-like;chaotic-like;chaotic-like;chaotic-like;complex-regular;quasi-periodic;complex-regular,chaotic-like,chaotic-regime,6,0.6,0.6146546515021776,0.6472504296514724,0.48107442771111486,0.7337015972710315,0.3816326530612245,0,1,0,3,6,0,0,0,0,0
ellipsoid_1_0p8_0p6,0.03,4.0,8.0,5,5,10,chaotic-like;chaotic-like;complex-regular;chaotic-like;complex-regular;chaotic-like;chaotic-like;periodic;chaotic-like;chaotic-like,mixed,chaotic-regime,7,0.7,0.6592475638157349,0.6925082735347031,0.5094055349441092,0.6922400854369594,0.2908163265306122,1,0,0,2,7,0,0,0,0,0
ellipsoid_1_0p8_0p6,0.1,0.2,11.0,5,4,9,complex-regular;chaotic-like;complex-regular;complex-regular;chaotic-like;complex-regular;incomplete;complex-regular;chaotic-like,complex-regular,chaotic-regime,3,0.3333333333333333,0.5169707806755243,0.4913597232233283,0.49308987808032056,0.7303225433590436,0.5599489795918368,0,0,0,5,3,0,0,0,0,1
ellipsoid_1_0p8_0p6,0.1,0.2,3.0,5,4,9,complex-regular;complex-regular;complex-regular;quasi-periodic;complex-regular;complex-regular;chaotic-like;complex-regular;incomplete,complex-regular,regular-regime,1,0.1111111111111111,0.33648026984110113,0.31992656660190893,0.40881628088212596,0.8677986595487703,0.7142857142857142,0,1,0,6,1,0,0,0,0,1
ellipsoid_1_0p8_0p6,0.1,0.2,5.0,5,5,10,chaotic-like;chaotic-like;chaotic-like;complex-regular;chaotic-like;quasi-periodic;chaotic-like;complex-regular;complex-regular;complex-regular,chaotic-like,chaotic-regime,5,0.5,0.5743405912276488,0.5500819746318433,0.5069046567780608,0.7108205679063072,0.4142857142857143,0,1,0,4,5,0,0,0,0,0
ellipsoid_1_0p8_0p6,0.1,0.2,8.0,5,3,8,chaotic-like;complex-regular;incomplete;complex-regular;chaotic-like;complex-regular;complex-regular;incomplete,complex-regular,chaotic-regime,2,0.25,0.4969651693934965,0.45442676692623785,0.4789693807322826,0.762526088884222,0.5732993197278912,0,0,0,4,2,0,0,0,0,2
ellipsoid_1_0p8_0p6,0.1,0.55,11.0,5,5,10,chaotic-like;complex-regular;complex-regular;complex-regular;chaotic-like;chaotic-like;complex-regular;complex-regular;chaotic-like;complex-regular,complex-regular,chaotic-regime,4,0.4,0.5175285595417296,0.5362664311224596,0.4753986112923923,0.7697918239389001,0.4805102040816327,0,0,0,6,4,0,0,0,0,0
ellipsoid_1_0p8_0p6,0.1,0.55,3.0,5,5,10,chaotic-like;complex-regular;complex-regular;quasi-periodic;complex-regular;complex-regular;complex-regular;complex-regular;complex-regular;quasi-periodic,complex-regular,regular-regime,1,0.1,0.33641331584787215,0.3528313326129395,0.395381437181246,0.8922352427089374,0.6022448979591837,0,2,0,7,1,0,0,0,0,0
ellipsoid_1_0p8_0p6,0.1,0.55,5.0,5,5,10,chaotic-like;complex-regular;chaotic-like;complex-regular;chaotic-like;complex-regular;complex-regular;complex-regular;chaotic-like;chaotic-like,chaotic-like,chaotic-regime,5,0.5,0.5796206651681897,0.5836288788853691,0.488539436769947,0.7057117983205499,0.45510204081632655,0,0,0,5,5,0,0,0,0,0
ellipsoid_1_0p8_0p6,0.1,0.55,8.0,5,5,10,complex-regular;complex-regular;complex-regular;periodic;complex-regular;complex-regular;chaotic-like;chaotic-like;complex-regular;periodic,mixed,regular-regime,2,0.2,0.34256290357098107,0.35048485943712004,0.39346771510247536,0.8783680852320611,0.6847959183673469,2,0,0,6,2,0,0,0,0,0
ellipsoid_1_0p8_0p6,0.1,1.5,11.0,5,5,10,chaotic-like;chaotic-like;chaotic-like;chaotic-like;chaotic-like;chaotic-like;chaotic-like;sensitive-regular;chaotic-like;chaotic-like,chaotic-like,chaotic-regime,9,0.9,0.7228935607826867,0.7827126877041891,0.5186062411350667,0.6873158480126724,0.11826530612244897,0,0,1,0,9,0,0,0,0,0
ellipsoid_1_0p8_0p6,0.1,1.5,3.0,5,5,10,chaotic-like;complex-regular;complex-regular;periodic;quasi-periodic;complex-regular;chaotic-like;chaotic-like;chaotic-like;quasi-periodic,mixed,chaotic-regime,4,0.4,0.47964364487848776,0.5120199156988633,0.432614889701554,0.819107322015482,0.4558163265306122,1,2,0,3,4,0,0,0,0,0
ellipsoid_1_0p8_0p6,0.1,1.5,5.0,5,5,10,chaotic-like;complex-regular;chaotic-like;chaotic-like;chaotic-like;complex-regular;sensitive-regular;quasi-periodic;quasi-periodic;complex-regular,mixed,chaotic-regime,4,0.4,0.5236524159001317,0.582584507624527,0.4527008038935927,0.7803134221501462,0.34459183673469385,0,2,1,3,4,0,0,0,0,0
ellipsoid_1_0p8_0p6,0.1,1.5,8.0,5,5,10,chaotic-like;periodic;chaotic-like;chaotic-like;periodic;quasi-periodic;chaotic-like;chaotic-like;chaotic-like;complex-regular,mixed,chaotic-regime,6,0.6,0.6085330157571328,0.6254206612716589,0.48222300892106124,0.7454152603388675,0.31724489795918365,2,1,0,1,6,0,0,0,0,0
ellipsoid_1_0p8_0p6,0.1,11.0,11.0,5,5,10,chaotic-like;complex-regular;chaotic-like;periodic;chaotic-like;complex-regular;quasi-periodic;sensitive-regular;complex-regular;chaotic-like,mixed,regular-regime,4,0.4,0.36141048166504514,0.4660240330525974,0.35650803066169023,0.8955089597536606,0.4035714285714286,1,1,1,3,4,0,0,0,0,0
ellipsoid_1_0p8_0p6,0.1,11.0,3.0,5,5,10,quasi-periodic;complex-regular;chaotic-like;chaotic-like;chaotic-like;chaotic-like;chaotic-like;periodic;chaotic-like;periodic,mixed,chaotic-regime,6,0.6,0.5628843521687356,0.6196141673906821,0.4620536671959835,0.7744187977154646,0.3483673469387755,2,1,0,1,6,0,0,0,0,0
ellipsoid_1_0p8_0p6,0.1,11.0,5.0,5,5,10,quasi-periodic;quasi-periodic;complex-regular;chaotic-like;chaotic-like;chaotic-like;complex-regular;quasi-periodic;complex-regular;periodic,mixed,regular-regime,3,0.3,0.33107763885946534,0.3892722027822887,0.3453727516169641,0.9150157932989961,0.4836734693877551,1,3,0,3,3,0,0,0,0,0
ellipsoid_1_0p8_0p6,0.1,11.0,8.0,5,5,10,quasi-periodic;quasi-periodic;periodic;chaotic-like;periodic;chaotic-like;chaotic-like;chaotic-like;sensitive-regular;chaotic-like,mixed,chaotic-regime,5,0.5,0.5016509506569609,0.5547834178533054,0.4216509210416385,0.8221155664055241,0.3419387755102041,2,2,1,0,5,0,0,0,0,0
ellipsoid_1_0p8_0p6,0.1,30.0,11.0,5,5,10,quasi-periodic;complex-regular;quasi-periodic;chaotic-like;quasi-periodic;periodic;periodic;periodic;chaotic-like;periodic,mixed,regular-regime,2,0.2,0.2746379448459892,0.3120960465271121,0.34207960179329977,0.9583504946026661,0.5218367346938776,4,3,0,1,2,0,0,0,0,0
ellipsoid_1_0p8_0p6,0.1,30.0,3.0,5,5,10,periodic;periodic;chaotic-like;periodic;quasi-periodic;quasi-periodic;periodic;periodic;complex-regular;quasi-periodic,mixed,regular-regime,1,0.1,0.24921511958488743,0.2749778595734841,0.35158887650192494,0.9502402329319997,0.7473469387755103,5,3,0,1,1,0,0,0,0,0
ellipsoid_1_0p8_0p6,0.1,30.0,5.0,5,5,10,quasi-periodic;quasi-periodic;quasi-periodic;periodic;quasi-periodic;complex-regular;chaotic-like;periodic;sensitive-regular;quasi-periodic,mixed,regular-regime,1,0.1,0.2651745113387245,0.30086307991359396,0.3508006094415056,0.9501135667368441,0.5860204081632654,2,5,1,1,1,0,0,0,0,0
ellipsoid_1_0p8_0p6,0.1,30.0,8.0,5,5,10,chaotic-like;periodic;quasi-periodic;periodic;quasi-periodic;quasi-periodic;quasi-periodic;quasi-periodic;chaotic-like;periodic,mixed,regular-regime,2,0.2,0.2682622697631646,0.3158453933433854,0.3455996637414477,0.9477931605099068,0.5979591836734695,3,5,0,0,2,0,0,0,0,0
ellipsoid_1_0p8_0p6,0.1,4.0,11.0,5,5,10,chaotic-like;quasi-periodic;complex-regular;chaotic-like;chaotic-like;chaotic-like;chaotic-like;chaotic-like;chaotic-like;chaotic-like,chaotic-like,chaotic-regime,8,0.8,0.6137960959756141,0.6727876833489218,0.4714952671523231,0.7702087478308399,0.1810204081632653,0,1,0,1,8,0,0,0,0,0
ellipsoid_1_0p8_0p6,0.1,4.0,3.0,5,5,10,chaotic-like;complex-regular;complex-regular;complex-regular;chaotic-like;complex-regular;quasi-periodic;chaotic-like;complex-regular;complex-regular,complex-regular,regular-regime,3,0.3,0.37203612740266434,0.3862332678178649,0.38189863081060543,0.8715831929800798,0.508265306122449,0,1,0,6,3,0,0,0,0,0
ellipsoid_1_0p8_0p6,0.1,4.0,5.0,5,5,10,chaotic-like;chaotic-like;chaotic-like;chaotic-like;chaotic-like;chaotic-like;chaotic-like;complex-regular;chaotic-like;chaotic-like,chaotic-like,chaotic-regime,9,0.9,0.7743526482860044,0.8086399817936172,0.5362869230245724,0.6544335441427125,0.1319387755102041,0,0,0,1,9,0,0,0,0,0
ellipsoid_1_0p8_0p6,0.1,4.0,8.0,5,5,10,chaotic-like;chaotic-like;chaotic-like;chaotic-like;chaotic-like;chaotic-like;complex-regular;chaotic-like;chaotic-like;chaotic-like,chaotic-like,chaotic-regime,9,0.9,0.7633595552818871,0.8145936600829009,0.5286585361629375,0.6562880281852129,0.1116326530612245,0,0,0,1,9,0,0,0,0,0
ellipsoid_1_0p8_0p6,0.3,0.2,11.0,5,5,10,chaotic-like;complex-regular;complex-regular;complex-regular;periodic;complex-regular;complex-regular;complex-regular;complex-regular;ambiguous,mixed,regular-regime,1,0.1,0.31510647667632835,0.33014030518866394,0.3877724449184331,0.8946747078327342,0.7646938775510205,1,0,0,7,1,0,0,1,0,0
ellipsoid_1_0p8_0p6,0.3,0.2,3.0,5,4,9,chaotic-like;complex-regular;quasi-periodic;chaotic-like;complex-regular;complex-regular;quasi-periodic;complex-regular;incomplete,complex-regular,regular-regime,2,0.2222222222222222,0.3933895449388276,0.3812867752912407,0.4231156507604561,0.8672914934212391,0.5668367346938775,0,2,0,4,2,0,0,0,0,1
ellipsoid_1_0p8_0p6,0.3,0.2,5.0,5,5,10,quasi-periodic;complex-regular;complex-regular;chaotic-like;complex-regular;complex-regular;chaotic-like;chaotic-like;chaotic-like;chaotic-like,chaotic-like,chaotic-regime,5,0.5,0.5822000265666583,0.5747147957131626,0.504261325054135,0.6982618740709234,0.44459183673469393,0,1,0,4,5,0,0,0,0,0
ellipsoid_1_0p8_0p6,0.3,0.2,8.0,5,5,10,complex-regular;chaotic-like;chaotic-like;chaotic-like;chaotic-like;chaotic-like;complex-regular;complex-regular;chaotic-like;complex-regular,chaotic-like,chaotic-regime,6,0.6,0.6856754766714628,0.6962855503879075,0.5521027572830537,0.6435564214714635,0.32540816326530614,0,0,0,4,6,0,0,0,0,0
ellipsoid_1_0p8_0p6,0.3,0.55,11.0,5,5,10,chaotic-like;periodic;chaotic-like;chaotic-like;chaotic-like;chaotic-like;chaotic-like;chaotic-like;quasi-periodic;chaotic-like,mixed,chaotic-regime,8,0.8,0.7204520014276689,0.7389969246308856,0.5238374373106022,0.6763054557464073,0.24397959183673468,1,1,0,0,8,0,0,0,0,0
ellipsoid_1_0p8_0p6,0.3,0.55,3.0,5,4,9,periodic;complex-regular;complex-regular;complex-regular;incomplete;quasi-periodic;quasi-periodic;quasi-periodic;periodic,mixed,regular-regime,0,0.0,0.2131045796292495,0.22911572446823888,0.3395133778669986,0.9681470353338419,0.8311224489795919,2,3,0,3,0,0,0,0,0,1
ellipsoid_1_0p8_0p6,0.3,0.55,5.0,5,5,10,chaotic-like;chaotic-like;complex-regular;chaotic-like;complex-regular;chaotic-like;quasi-periodic;quasi-periodic;complex-regular;complex-regular,mixed,chaotic-regime,4,0.4,0.49931051171832097,0.5173674676175357,0.4429710688264813,0.8166553192343627,0.42765306122448976,0,2,0,4,4,0,0,0,0,0
ellipsoid_1_0p8_0p6,0.3,0.55,8.0,5,5,10,quasi-periodic;chaotic-like;chaotic-like;quasi-periodic;chaotic-like;chaotic-like;chaotic-like;chaotic-like;periodic;periodic,mixed,chaotic-regime,6,0.6,0.526706759420084,0.5496128583717356,0.4471314886577071,0.7898044990270803,0.4442857142857143,2,2,0,0,6,0,0,0,0,0
ellipsoid_1_0p8_0p6,0.3,1.5,11.0,5,5,10,chaotic-like;quasi-periodic;quasi-periodic;chaotic-like;chaotic-like;chaotic-like;quasi-periodic;complex-regular;periodic;chaotic-like,mixed,chaotic-regime,5,0.5,0.5367523908608509,0.5820322608869803,0.46195467393088546,0.7664709103714429,0.4197959183673469,1,3,0,1,5,0,0,0,0,0
ellipsoid_1_0p8_0p6,0.3,1.5,3.0,5,5,10,chaotic-like;chaotic-like;complex-regular;chaotic-like;chaotic-like;chaotic-like;complex-regular;periodic;complex-regular;complex-regular,mixed,chaotic-regime,5,0.5,0.4904173271629948,0.5299473971041609,0.43224275564349696,0.7937906084766293,0.3886734693877551,1,0,0,4,5,0,0,0,0,0
ellipsoid_1_0p8_0p6,0.3,1.5,5.0,5,5,10,chaotic-like;complex-regular;chaotic-like;quasi-periodic;complex-regular;complex-regular;chaotic-like;chaotic-like;complex-regular;complex-regular,complex-regular,regular-regime,4,0.4,0.37842792928749297,0.4290819214780754,0.3981443525136964,0.8938171339496656,0.48775510204081635,0,1,0,5,4,0,0,0,0,0
ellipsoid_1_0p8_0p6,0.3,1.5,8.0,5,5,10,chaotic-like;quasi-periodic;chaotic-like;chaotic-like;chaotic-like;chaotic-like;complex-regular;chaotic-like;chaotic-like;chaotic-like,chaotic-like,chaotic-regime,8,0.8,0.5879590225610518,0.6630090255025974,0.4654756661145131,0.7812446553789149,0.20489795918367348,0,1,0,1,8,0,0,0,0,0
ellipsoid_1_0p8_0p6,0.3,11.0,11.0,5,5,10,quasi-periodic;periodic;periodic;quasi-periodic;periodic;periodic;quasi-periodic;quasi-periodic;periodic;chaotic-like,mixed,regular-regime,1,0.1,0.24513954105993863,0.23722964174706282,0.33841254772288554,0.9461896367042147,0.7714285714285714,5,4,0,0,1,0,0,0,0,0
ellipsoid_1_0p8_0p6,0.3,11.0,3.0,5,5,10,periodic;periodic;quasi-periodic;quasi-periodic;quasi-periodic;periodic;periodic;chaotic-like;quasi-periodic;periodic,mixed,regular-regime,1,0.1,0.20522201358354158,0.20873480466029576,0.3056684344693705,0.9674400698980783,0.7261224489795918,5,4,0,0,1,0,0,0,0,0
ellipsoid_1_0p8_0p6,0.3,11.0,5.0,5,5,10,periodic;complex-regular;periodic;quasi-periodic;quasi-periodic;quasi-periodic;chaotic-like;periodic;complex-regular;periodic,mixed,regular-regime,1,0.1,0.27424915991189935,0.26340737418792215,0.33401455865780144,0.9370539364368595,0.628061224489796,4,3,0,2,1,0,0,0,0,0
ellipsoid_1_0p8_0p6,0.3,11.0,8.0,5,5,10,periodic;chaotic-like;periodic;periodic;periodic;periodic;periodic;periodic;periodic;periodic,mixed,regular-regime,1,0.1,0.2328760886903436,0.22188674454641982,0.3250190120775128,0.9588248615200957,0.7242857142857143,9,0,0,0,1,0,0,0,0,0
ellipsoid_1_0p8_0p6,0.3,30.0,11.0,5,5,10,periodic;periodic;quasi-periodic;quasi-periodic;periodic;quasi-periodic;quasi-periodic;quasi-periodic;periodic;periodic,periodic,regular-regime,0,0.0,0.20556352294852634,0.18235763145641762,0.31762171584993504,0.9730109714654619,0.8391836734693877,5,5,0,0,0,0,0,0,0,0
ellipsoid_1_0p8_0p6,0.3,30.0,3.0,5,5,10,chaotic-like;quasi-periodic;quasi-periodic;periodic;periodic;quasi-periodic;periodic;quasi-periodic;quasi-periodic;complex-regular,mixed,regular-regime,1,0.1,0.26981152664002594,0.2769088690354897,0.34590836362845845,0.9391064816888409,0.5836734693877552,3,5,0,1,1,0,0,0,0,0
ellipsoid_1_0p8_0p6,0.3,30.0,5.0,5,5,10,periodic;periodic;periodic;quasi-periodic;periodic;quasi-periodic;quasi-periodic;quasi-periodic;quasi-periodic;periodic,periodic,regular-regime,0,0.0,0.20039609402411954,0.18440795834437393,0.32714105592017867,0.9763338632463059,0.8772448979591838,5,5,0,0,0,0,0,0,0,0
ellipsoid_1_0p8_0p6,0.3,30.0,8.0,5,5,10,periodic;periodic;quasi-periodic;quasi-periodic;periodic;quasi-periodic;quasi-periodic;quasi-periodic;quasi-periodic;periodic,quasi-periodic,regular-regime,0,0.0,0.19801589520112534,0.17659995207101842,0.3307449552940108,0.9833223842709437,0.8892857142857142,4,6,0,0,0,0,0,0,0,0
ellipsoid_1_0p8_0p6,0.3,4.0,11.0,5,5,10,quasi-periodic;quasi-periodic;quasi-periodic;quasi-periodic;periodic;periodic;chaotic-like;chaotic-like;complex-regular;chaotic-like,mixed,regular-regime,3,0.3,0.36187256043462307,0.4029735602949044,0.38316792623857426,0.8864797021934715,0.5440816326530612,2,4,0,1,3,0,0,0,0,0
ellipsoid_1_0p8_0p6,0.3,4.0,3.0,5,5,10,complex-regular;periodic;quasi-periodic;periodic;chaotic-like;complex-regular;quasi-periodic;chaotic-like;quasi-periodic;periodic,mixed,regular-regime,2,0.2,0.3221595347788161,0.369437938151408,0.3624400634813866,0.911060477200356,0.5057142857142857,3,3,0,2,2,0,0,0,0,0
ellipsoid_1_0p8_0p6,0.3,4.0,5.0,5,5,10,periodic;chaotic-like;chaotic-like;chaotic-like;chaotic-like;periodic;chaotic-like;chaotic-like;periodic;quasi-periodic,mixed,chaotic-regime,6,0.6,0.4284714013178211,0.4730165416260486,0.4007821495035656,0.856766358279024,0.31142857142857144,3,1,0,0,6,0,0,0,0,0
ellipsoid_1_0p8_0p6,0.3,4.0,8.0,5,5,10,chaotic-like;complex-regular;complex-regular;periodic;quasi-periodic;chaotic-like;chaotic-like;periodic;periodic;periodic,mixed,regular-regime,3,0.3,0.2953688882947281,0.3424608219881725,0.33518067347163033,0.9261653004404424,0.5316326530612245,4,1,0,2,3,0,0,0,0,0
ellipsoid_1_0p8_0p6,1.0,0.2,11.0,5,5,10,complex-regular;complex-regular;chaotic-like;chaotic-like;chaotic-like;chaotic-like;quasi-periodic;chaotic-like;periodic;periodic,mixed,chaotic-regime,5,0.5,0.44715336353502366,0.48219605819718464,0.4179504203547458,0.8410328809218068,0.4697959183673469,2,1,0,2,5,0,0,0,0,0
ellipsoid_1_0p8_0p6,1.0,0.2,3.0,5,5,10,quasi-periodic;chaotic-like;chaotic-like;chaotic-like;periodic;quasi-periodic;complex-regular;quasi-periodic;complex-regular;quasi-periodic,mixed,chaotic-regime,3,0.3,0.421228144902399,0.42643424801039825,0.42546231920405286,0.823093420584031,0.5488775510204081,1,4,0,2,3,0,0,0,0,0
ellipsoid_1_0p8_0p6,1.0,0.2,5.0,5,5,10,chaotic-like;chaotic-like;complex-regular;chaotic-like;quasi-periodic;periodic;quasi-periodic;complex-regular;complex-regular;quasi-periodic,mixed,chaotic-regime,3,0.3,0.424569193155639,0.4521708767110747,0.43371943754946357,0.8471062796040627,0.5130612244897959,1,3,0,3,3,0,0,0,0,0
ellipsoid_1_0p8_0p6,1.0,0.2,8.0,5,5,10,quasi-periodic;quasi-periodic;periodic;quasi-periodic;complex-regular;chaotic-like;periodic;quasi-periodic;complex-regular;chaotic-like,mixed,regular-regime,2,0.2,0.3368150289889081,0.38279854987215145,0.39689823942043445,0.9045557731040773,0.6012244897959185,2,4,0,2,2,0,0,0,0,0
ellipsoid_1_0p8_0p6,1.0,0.55,11.0,5,5,10,chaotic-like;chaotic-like;chaotic-like;chaotic-like;chaotic-like;quasi-periodic;chaotic-like;chaotic-like;chaotic-like;quasi-periodic,chaotic-like,chaotic-regime,8,0.8,0.5529413261742069,0.6187521757253933,0.45516062108860816,0.8155268082241742,0.2343877551020408,0,2,0,0,8,0,0,0,0,0
ellipsoid_1_0p8_0p6,1.0,0.55,3.0,5,5,10,quasi-periodic;quasi-periodic;chaotic-like;complex-regular;quasi-periodic;chaotic-like;quasi-periodic;sensitive-regular;chaotic-like;chaotic-like,mixed,regular-regime,4,0.4,0.37120821581828234,0.43507180406382223,0.40101356411959,0.888161393942098,0.5140816326530612,0,4,1,1,4,0,0,0,0,0
ellipsoid_1_0p8_0p6,1.0,0.55,5.0,5,5,10,complex-regular;periodic;complex-regular;chaotic-like;chaotic-like;periodic;periodic;quasi-periodic;sensitive-regular;chaotic-like,mixed,regular-regime,3,0.3,0.2903563261436109,0.34783141279187807,0.34681500306044233,0.9411710411891511,0.5123469387755103,3,1,1,2,3,0,0,0,0,0
ellipsoid_1_0p8_0p6,1.0,0.55,8.0,5,5,10,chaotic-like;chaotic-like;chaotic-like;chaotic-like;chaotic-like;chaotic-like;chaotic-like;quasi-periodic;complex-regular;quasi-periodic,chaotic-like,chaotic-regime,7,0.7,0.4593793800212692,0.5144582659862256,0.42987291747434114,0.8655645763543227,0.3218367346938776,0,2,0,1,7,0,0,0,0,0
ellipsoid_1_0p8_0p6,1.0,1.5,11.0,5,5,10,complex-regular;periodic;complex-regular;complex-regular;quasi-periodic;quasi-periodic;quasi-periodic;quasi-periodic;sensitive-regular;periodic,mixed,regular-regime,0,0.0,0.2525976459197486,0.2702804338730473,0.33432141451644604,0.9632874480403645,0.48938775510204086,2,4,1,3,0,0,0,0,0,0
ellipsoid_1_0p8_0p6,1.0,1.5,3.0,5,5,10,periodic;periodic;quasi-periodic;quasi-periodic;periodic;quasi-periodic;periodic;chaotic-like;quasi-periodic;quasi-periodic,mixed,regular-regime,1,0.1,0.2448698677130321,0.2629377984599785,0.3243597539991615,0.9511127109006947,0.5193877551020407,4,5,0,0,1,0,0,0,0,0
ellipsoid_1_0p8_0p6,1.0,1.5,5.0,5,5,10,sensitive-regular;quasi-periodic;quasi-periodic;periodic;periodic;quasi-periodic;periodic;quasi-periodic;periodic;quasi-periodic,quasi-periodic,regular-regime,0,0.0,0.22073337077115504,0.2624849913241889,0.319766787337996,0.9707979081548009,0.6028571428571429,4,5,1,0,0,0,0,0,0,0
ellipsoid_1_0p8_0p6,1.0,1.5,8.0,5,5,10,quasi-periodic;complex-regular;sensitive-regular;chaotic-like;quasi-periodic;periodic;periodic;quasi-periodic;quasi-periodic;complex-regular,mixed,regular-regime,1,0.1,0.3121305541215629,0.335776821151247,0.3545442041115326,0.9393083908186346,0.39897959183673476,2,4,1,2,1,0,0,0,0,0
ellipsoid_1_0p8_0p6,1.0,11.0,11.0,5,5,10,periodic;complex-regular;periodic;quasi-periodic;periodic;quasi-periodic;complex-regular;periodic;quasi-periodic;quasi-periodic,mixed,regular-regime,0,0.0,0.1935757785020299,0.18220803814370395,0.3090048355926238,0.9873160169934199,0.7096938775510204,4,4,0,2,0,0,0,0,0,0
ellipsoid_1_0p8_0p6,1.0,11.0,3.0,5,5,10,quasi-periodic;quasi-periodic;complex-regular;periodic;sensitive-regular;periodic;quasi-periodic;periodic;quasi-periodic;quasi-periodic,quasi-periodic,regular-regime,0,0.0,0.19672106873945616,0.19547473670562104,0.3049743182246697,0.9894869103065055,0.8144897959183673,3,5,1,1,0,0,0,0,0,0
ellipsoid_1_0p8_0p6,1.0,11.0,5.0,5,5,10,quasi-periodic;periodic;periodic;quasi-periodic;quasi-periodic;periodic;periodic;quasi-periodic;quasi-periodic;quasi-periodic,quasi-periodic,regular-regime,0,0.0,0.18343275133158,0.1715888725851359,0.30693226920244515,0.9874335843644213,0.789795918367347,4,6,0,0,0,0,0,0,0,0
ellipsoid_1_0p8_0p6,1.0,11.0,8.0,5,5,10,periodic;quasi-periodic;quasi-periodic;periodic;quasi-periodic;quasi-periodic;chaotic-like;periodic;periodic;quasi-periodic,mixed,regular-regime,1,0.1,0.20730890282179026,0.20922575441836652,0.3105693613135424,0.983815219065358,0.6573469387755102,4,5,0,0,1,0,0,0,0,0
ellipsoid_1_0p8_0p6,1.0,30.0,11.0,5,5,10,periodic;quasi-periodic;quasi-periodic;periodic;quasi-periodic;quasi-periodic;quasi-periodic;periodic;quasi-periodic;quasi-periodic,quasi-periodic,regular-regime,0,0.0,0.18232514892835353,0.1684109925063225,0.3096137903081829,0.9923433707410322,0.8441836734693877,3,7,0,0,0,0,0,0,0,0
ellipsoid_1_0p8_0p6,1.0,30.0,3.0,5,5,10,periodic;quasi-periodic;periodic;periodic;quasi-periodic;quasi-periodic;quasi-periodic;periodic;periodic;quasi-periodic,periodic,regular-regime,0,0.0,0.19316247758193733,0.16791666690128002,0.31596495557625964,0.9826696180297748,0.820204081632653,5,5,0,0,0,0,0,0,0,0
ellipsoid_1_0p8_0p6,1.0,30.0,5.0,5,5,10,quasi-periodic;quasi-periodic;quasi-periodic;quasi-periodic;quasi-periodic;periodic;quasi-periodic;quasi-periodic;quasi-periodic;quasi-periodic,quasi-periodic,regular-regime,0,0.0,0.21978191800432753,0.20457903976674582,0.35130692287484044,0.9786040721170183,0.7973469387755102,1,9,0,0,0,0,0,0,0,0
ellipsoid_1_0p8_0p6,1.0,30.0,8.0,5,5,10,periodic;quasi-periodic;quasi-periodic;quasi-periodic;periodic;quasi-periodic;periodic;quasi-periodic;periodic;quasi-periodic,quasi-periodic,regular-regime,0,0.0,0.21707855510041002,0.19997579631708223,0.3292874881252814,0.9618431750427894,0.753061224489796,4,6,0,0,0,0,0,0,0,0
ellipsoid_1_0p8_0p6,1.0,4.0,11.0,5,5,10,quasi-periodic;quasi-periodic;quasi-periodic;quasi-periodic;periodic;quasi-periodic;quasi-periodic;periodic;quasi-periodic;sensitive-regular,quasi-periodic,regular-regime,0,0.0,0.20611203758236102,0.21895031717410923,0.3170114895130046,0.9918373594363828,0.7120408163265306,2,7,1,0,0,0,0,0,0,0
ellipsoid_1_0p8_0p6,1.0,4.0,3.0,5,5,10,quasi-periodic;periodic;complex-regular;quasi-periodic;periodic;quasi-periodic;periodic;quasi-periodic;periodic;quasi-periodic,quasi-periodic,regular-regime,0,0.0,0.18704270933928094,0.17469978653303822,0.30631194909637793,0.9839949314329146,0.6933673469387756,4,5,0,1,0,0,0,0,0,0
ellipsoid_1_0p8_0p6,1.0,4.0,5.0,5,5,10,quasi-periodic;periodic;chaotic-like;quasi-periodic;periodic;periodic;quasi-periodic;periodic;periodic;periodic,mixed,regular-regime,1,0.1,0.21988139232722753,0.21551678259798696,0.31683621136735535,0.9788656383586585,0.5764285714285714,6,3,0,0,1,0,0,0,0,0
ellipsoid_1_0p8_0p6,1.0,4.0,8.0,5,5,10,quasi-periodic;quasi-periodic;complex-regular;quasi-periodic;quasi-periodic;quasi-periodic;complex-regular;quasi-periodic;periodic;periodic,quasi-periodic,regular-regime,0,0.0,0.2136660581665235,0.2334019799477045,0.327557329831271,0.9830311529669139,0.6835714285714285,2,6,0,2,0,0,0,0,0,0
ellipsoid_1_0p8_0p6,10.0,0.2,11.0,5,5,10,quasi-periodic;quasi-periodic;quasi-periodic;complex-regular;periodic;periodic;quasi-periodic;quasi-periodic;periodic;periodic,quasi-periodic,regular-regime,0,0.0,0.22452561604856455,0.23247251095617566,0.3323120269400529,0.9662715527609003,0.5881632653061224,4,5,0,1,0,0,0,0,0,0
ellipsoid_1_0p8_0p6,10.0,0.2,3.0,5,5,10,quasi-periodic;complex-regular;quasi-periodic;periodic;quasi-periodic;quasi-periodic;complex-regular;quasi-periodic;periodic;quasi-periodic,quasi-periodic,regular-regime,0,0.0,0.2332200216035721,0.25258623415332654,0.3444286315109567,0.9680733281837606,0.6690816326530612,2,6,0,2,0,0,0,0,0,0
ellipsoid_1_0p8_0p6,10.0,0.2,5.0,5,5,10,quasi-periodic;periodic;periodic;quasi-periodic;periodic;quasi-periodic;complex-regular;quasi-periodic;periodic;quasi-periodic,quasi-periodic,regular-regime,0,0.0,0.2141718105318701,0.21708367335235973,0.31394760182590986,0.9751067152678115,0.553673469387755,4,5,0,1,0,0,0,0,0,0
ellipsoid_1_0p8_0p6,10.0,0.2,8.0,5,5,10,quasi-periodic;periodic;periodic;quasi-periodic;periodic;complex-regular;quasi-periodic;quasi-periodic;quasi-periodic;quasi-periodic,quasi-periodic,regular-regime,0,0.0,0.21805301851807504,0.21499088004628514,0.3241154759802332,0.9674108967836126,0.5479591836734693,3,6,0,1,0,0,0,0,0,0
ellipsoid_1_0p8_0p6,10.0,0.55,11.0,5,5,10,periodic;periodic;periodic;quasi-periodic;periodic;periodic;periodic;periodic;quasi-periodic;periodic,periodic,regular-regime,0,0.0,0.16590193091285893,0.1453445186900178,0.2810165849855147,0.9895213736516004,0.8109183673469389,8,2,0,0,0,0,0,0,0,0
ellipsoid_1_0p8_0p6,10.0,0.55,3.0,5,5,10,quasi-periodic;periodic;quasi-periodic;quasi-periodic;periodic;quasi-periodic;quasi-periodic;quasi-periodic;quasi-periodic;periodic,quasi-periodic,regular-regime,0,0.0,0.2108403148729748,0.18400476659308035,0.34175251830425185,0.9751788049572611,0.8496938775510203,3,7,0,0,0,0,0,0,0,0
ellipsoid_1_0p8_0p6,10.0,0.55,5.0,5,5,10,periodic;quasi-periodic;quasi-periodic;quasi-periodic;quasi-periodic;quasi-periodic;quasi-periodic;quasi-periodic;periodic;quasi-periodic,quasi-periodic,regular-regime,0,0.0,0.20118537072372827,0.1824107819120619,0.33495892390169485,0.9806775551127093,0.6609183673469388,2,8,0,0,0,0,0,0,0,0
ellipsoid_1_0p8_0p6,10.0,0.55,8.0,5,5,10,periodic;periodic;quasi-periodic;quasi-periodic;periodic;quasi-periodic;periodic;quasi-periodic;periodic;quasi-periodic,periodic,regular-regime,0,0.0,0.21465645368209713,0.216264280957914,0.3247408737088159,0.9652164994771761,0.724795918367347,5,5,0,0,0,0,0,0,0,0
ellipsoid_1_0p8_0p6,10.0,1.5,11.0,5,5,10,quasi-periodic;periodic;quasi-periodic;quasi-periodic;quasi-periodic;periodic;quasi-periodic;periodic;periodic;quasi-periodic,quasi-periodic,regular-regime,0,0.0,0.18402900970626482,0.1764528888717442,0.3059336294218665,0.984555548301512,0.9174489795918367,4,6,0,0,0,0,0,0,0,0
ellipsoid_1_0p8_0p6,10.0,1.5,3.0,5,5,10,periodic;quasi-periodic;quasi-periodic;quasi-periodic;periodic;periodic;periodic;periodic;periodic;quasi-periodic,periodic,regular-regime,0,0.0,0.1722320725528917,0.15958808711838451,0.290058962447951,0.9872262273856751,0.9112244897959183,6,4,0,0,0,0,0,0,0,0
ellipsoid_1_0p8_0p6,10.0,1.5,5.0,5,5,10,quasi-periodic;periodic;periodic;periodic;quasi-periodic;quasi-periodic;quasi-periodic;periodic;periodic;periodic,periodic,regular-regime,0,0.0,0.17831068929508037,0.16726383550973623,0.30300337274097144,0.9888113886207058,0.9238775510204082,6,4,0,0,0,0,0,0,0,0
ellipsoid_1_0p8_0p6,10.0,1.5,8.0,5,5,10,quasi-periodic;quasi-periodic;quasi-periodic;periodic;quasi-periodic;periodic;quasi-periodic;quasi-periodic;periodic;periodic,quasi-periodic,regular-regime,0,0.0,0.19322324568787566,0.15993065408866625,0.3166916251922238,0.9808862420335235,0.8682653061224489,4,6,0,0,0,0,0,0,0,0
ellipsoid_1_0p8_0p6,10.0,11.0,11.0,5,5,10,quasi-periodic;quasi-periodic;periodic;periodic;quasi-periodic;quasi-periodic;quasi-periodic;periodic;quasi-periodic;quasi-periodic,quasi-periodic,regular-regime,0,0.0,0.2117637389064996,0.18027958320402218,0.34925861250227175,0.9796305941509843,0.906326530612245,3,7,0,0,0,0,0,0,0,0
ellipsoid_1_0p8_0p6,10.0,11.0,3.0,5,5,10,quasi-periodic;quasi-periodic;quasi-periodic;periodic;quasi-periodic;quasi-periodic;periodic;quasi-periodic;quasi-periodic;quasi-periodic,quasi-periodic,regular-regime,0,0.0,0.20849078595783635,0.19302536356746403,0.3477030073641801,0.9811640926151798,0.8916326530612245,2,8,0,0,0,0,0,0,0,0
ellipsoid_1_0p8_0p6,10.0,11.0,5.0,5,5,10,quasi-periodic;periodic;quasi-periodic;quasi-periodic;periodic;chaotic-like;quasi-periodic;quasi-periodic;periodic;quasi-periodic,mixed,regular-regime,1,0.1,0.21983194731004238,0.19036003784939853,0.33587407455577,0.9744644787154566,0.8191836734693878,3,6,0,0,1,0,0,0,0,0
ellipsoid_1_0p8_0p6,10.0,11.0,8.0,5,5,10,quasi-periodic;quasi-periodic;quasi-periodic;quasi-periodic;quasi-periodic;quasi-periodic;periodic;quasi-periodic;quasi-periodic;quasi-periodic,quasi-periodic,regular-regime,0,0.0,0.22833849369648215,0.20548680168696878,0.36369212020627195,0.9681379269340045,0.8672448979591836,1,9,0,0,0,0,0,0,0,0
ellipsoid_1_0p8_0p6,10.0,30.0,11.0,5,5,10,quasi-periodic;quasi-periodic;quasi-periodic;quasi-periodic;quasi-periodic;quasi-periodic;periodic;quasi-periodic;quasi-periodic;quasi-periodic,quasi-periodic,regular-regime,0,0.0,0.20683883255358335,0.18021078708112664,0.34478993562828825,0.9830899988511271,0.8738775510204082,1,9,0,0,0,0,0,0,0,0
ellipsoid_1_0p8_0p6,10.0,30.0,3.0,5,5,10,quasi-periodic;quasi-periodic;periodic;quasi-periodic;quasi-periodic;periodic;quasi-periodic;quasi-periodic;quasi-periodic;quasi-periodic,quasi-periodic,regular-regime,0,0.0,0.2130013699166809,0.19048549387627595,0.34936925146788667,0.976876031051696,0.8644897959183673,2,8,0,0,0,0,0,0,0,0
ellipsoid_1_0p8_0p6,10.0,30.0,5.0,5,5,10,quasi-periodic;periodic;periodic;quasi-periodic;quasi-periodic;quasi-periodic;quasi-periodic;quasi-periodic;quasi-periodic;quasi-periodic,quasi-periodic,regular-regime,0,0.0,0.1976420568649325,0.16683498176727332,0.33080226539135776,0.9845085725859049,0.9020408163265305,2,8,0,0,0,0,0,0,0,0
ellipsoid_1_0p8_0p6,10.0,30.0,8.0,5,5,10,periodic;quasi-periodic;quasi-periodic;quasi-periodic;quasi-periodic;periodic;quasi-periodic;quasi-periodic;periodic;periodic,quasi-periodic,regular-regime,0,0.0,0.1961616980271898,0.1694050232048243,0.33048884001238577,0.9858850402353763,0.9178571428571429,4,6,0,0,0,0,0,0,0,0
ellipsoid_1_0p8_0p6,10.0,4.0,11.0,5,5,10,quasi-periodic;quasi-periodic;periodic;periodic;periodic;quasi-periodic;periodic;periodic;quasi-periodic;quasi-periodic,quasi-periodic,regular-regime,0,0.0,0.18396002966144354,0.15737416761114256,0.31423787846823037,0.989162995005527,0.924387755102041,5,5,0,0,0,0,0,0,0,0
ellipsoid_1_0p8_0p6,10.0,4.0,3.0,5,5,10,quasi-periodic;quasi-periodic;periodic;quasi-periodic;quasi-periodic;quasi-periodic;periodic;quasi-periodic;quasi-periodic;quasi-periodic,quasi-periodic,regular-regime,0,0.0,0.23065435901287162,0.2222200025054017,0.3525288955721745,0.9653077145660486,0.7959183673469388,2,8,0,0,0,0,0,0,0,0
ellipsoid_1_0p8_0p6,10.0,4.0,5.0,5,5,10,quasi-periodic;quasi-periodic;quasi-periodic;quasi-periodic;quasi-periodic;quasi-periodic;periodic;periodic;quasi-periodic;periodic,quasi-periodic,regular-regime,0,0.0,0.20114245069939723,0.18919609757436154,0.33454942561412954,0.9839790495488531,0.9083673469387756,3,7,0,0,0,0,0,0,0,0
ellipsoid_1_0p8_0p6,10.0,4.0,8.0,5,5,10,quasi-periodic;quasi-periodic;quasi-periodic;periodic;periodic;periodic;quasi-periodic;quasi-periodic;quasi-periodic;quasi-periodic,quasi-periodic,regular-regime,0,0.0,0.20317854124771823,0.17147890042821992,0.33403722208788356,0.9787388679235777,0.9042857142857142,3,7,0,0,0,0,0,0,0,0
ellipsoid_1_0p8_0p6,4.0,0.2,11.0,5,5,10,quasi-periodic;chaotic-like;quasi-periodic;periodic;complex-regular;quasi-periodic;quasi-periodic;quasi-periodic;complex-regular;periodic,mixed,regular-regime,1,0.1,0.24329324172568115,0.25502977805783483,0.3540303495401822,0.966219234491785,0.6564285714285715,2,5,0,2,1,0,0,0,0,0
ellipsoid_1_0p8_0p6,4.0,0.2,3.0,5,5,10,complex-regular;periodic;quasi-periodic;periodic;periodic;periodic;quasi-periodic;periodic;periodic;quasi-periodic,periodic,regular-regime,0,0.0,0.21088210113667727,0.222965274607074,0.3126289458728737,0.961314762798524,0.7310204081632653,6,3,0,1,0,0,0,0,0,0
ellipsoid_1_0p8_0p6,4.0,0.2,5.0,5,5,10,quasi-periodic;quasi-periodic;quasi-periodic;quasi-periodic;quasi-periodic;quasi-periodic;complex-regular;quasi-periodic;periodic;periodic,quasi-periodic,regular-regime,0,0.0,0.2730569963991703,0.3017467812185005,0.3682360408267443,0.9361791650755567,0.5805102040816327,2,7,0,1,0,0,0,0,0,0
ellipsoid_1_0p8_0p6,4.0,0.2,8.0,5,5,10,chaotic-like;quasi-periodic;periodic;chaotic-like;quasi-periodic;quasi-periodic;chaotic-like;periodic;quasi-periodic;chaotic-like,mixed,regular-regime,4,0.4,0.41465482540059606,0.4744253729580989,0.4135420102425963,0.8678538689623597,0.38122448979591833,2,4,0,0,4,0,0,0,0,0
ellipsoid_1_0p8_0p6,4.0,0.55,11.0,5,5,10,periodic;quasi-periodic;chaotic-like;periodic;quasi-periodic;periodic;periodic;quasi-periodic;periodic;periodic,mixed,regular-regime,1,0.1,0.23228146661250718,0.23364596813853894,0.3165626245037879,0.9571726068822262,0.6909183673469388,6,3,0,0,1,0,0,0,0,0
ellipsoid_1_0p8_0p6,4.0,0.55,3.0,5,5,10,quasi-periodic;quasi-periodic;periodic;periodic;complex-regular;quasi-periodic;complex-regular;quasi-periodic;quasi-periodic;periodic,quasi-periodic,regular-regime,0,0.0,0.23355307320367807,0.2552303585178862,0.3430893106242711,0.9624362433042647,0.6749999999999999,3,5,0,2,0,0,0,0,0,0
ellipsoid_1_0p8_0p6,4.0,0.55,5.0,5,5,10,quasi-periodic;quasi-periodic;periodic;quasi-periodic;quasi-periodic;quasi-periodic;periodic;complex-regular;quasi-periodic;periodic,quasi-periodic,regular-regime,0,0.0,0.206667410272723,0.1921031317800946,0.33443671470674874,0.9730982202809478,0.6918367346938776,3,6,0,1,0,0,0,0,0,0
ellipsoid_1_0p8_0p6,4.0,0.55,8.0,5,5,10,quasi-periodic;complex-regular;quasi-periodic;quasi-periodic;quasi-periodic;quasi-periodic;quasi-periodic;quasi-periodic;quasi-periodic;periodic,quasi-periodic,regular-regime,0,0.0,0.19817202346806648,0.2132420075502246,0.3249040714128996,0.9797198059621574,0.5981632653061224,1,8,0,1,0,0,0,0,0,0
ellipsoid_1_0p8_0p6,4.0,1.5,11.0,5,5,10,periodic;quasi-periodic;periodic;periodic;periodic;quasi-periodic;periodic;quasi-periodic;periodic;periodic,periodic,regular-regime,0,0.0,0.18239357893991337,0.17118613122648912,0.29871328485130805,0.9874113609499753,0.6978571428571428,7,3,0,0,0,0,0,0,0,0
ellipsoid_1_0p8_0p6,4.0,1.5,3.0,5,5,10,periodic;periodic;quasi-periodic;complex-regular;quasi-periodic;quasi-periodic;quasi-periodic;quasi-periodic;periodic;periodic,quasi-periodic,regular-regime,0,0.0,0.20732661198961916,0.197613667324041,0.3247249853335129,0.969803661044565,0.7144897959183674,4,5,0,1,0,0,0,0,0,0
ellipsoid_1_0p8_0p6,4.0,1.5,5.0,5,5,10,periodic;periodic;quasi-periodic;quasi-periodic;periodic;quasi-periodic;quasi-periodic;periodic;quasi-periodic;complex-regular,quasi-periodic,regular-regime,0,0.0,0.18756109357594786,0.18108460196188286,0.31002184863222404,0.9797306318995584,0.7284693877551021,4,5,0,1,0,0,0,0,0,0
ellipsoid_1_0p8_0p6,4.0,1.5,8.0,5,5,10,quasi-periodic;quasi-periodic;periodic;periodic;periodic;periodic;periodic;periodic;periodic;periodic,periodic,regular-regime,0,0.0,0.18498920529927865,0.16847500879494667,0.29618176368452837,0.9826024926206559,0.671530612244898,8,2,0,0,0,0,0,0,0,0
ellipsoid_1_0p8_0p6,4.0,11.0,11.0,5,5,10,quasi-periodic;quasi-periodic;quasi-periodic;periodic;quasi-periodic;periodic;quasi-periodic;periodic;periodic;quasi-periodic,quasi-periodic,regular-regime,0,0.0,0.19107827908816066,0.16812063800187502,0.3216837803488514,0.9874493106080704,0.9087755102040816,4,6,0,0,0,0,0,0,0,0
ellipsoid_1_0p8_0p6,4.0,11.0,3.0,5,5,10,periodic;periodic;quasi-periodic;chaotic-like;chaotic-like;quasi-periodic;quasi-periodic;quasi-periodic;quasi-periodic;quasi-periodic,mixed,regular-regime,2,0.2,0.26057405072501844,0.23292705626345828,0.3508464356685546,0.9447665975351652,0.7580612244897958,2,6,0,0,2,0,0,0,0,0
ellipsoid_1_0p8_0p6,4.0,11.0,5.0,5,5,10,periodic;quasi-periodic;quasi-periodic;periodic;quasi-periodic;quasi-periodic;periodic;periodic;periodic;quasi-periodic,periodic,regular-regime,0,0.0,0.18214536896624317,0.16800967716351206,0.3101787665704621,0.9899625807095841,0.858877551020408,5,5,0,0,0,0,0,0,0,0
ellipsoid_1_0p8_0p6,4.0,11.0,8.0,5,5,10,periodic;quasi-periodic;periodic;periodic;periodic;quasi-periodic;periodic;periodic;quasi-periodic;periodic,periodic,regular-regime,0,0.0,0.1768814103167149,0.15180974700695518,0.30154420335775634,0.9898125396847963,0.9257142857142856,7,3,0,0,0,0,0,0,0,0
ellipsoid_1_0p8_0p6,4.0,30.0,11.0,5,5,10,quasi-periodic;quasi-periodic;quasi-periodic;quasi-periodic;quasi-periodic;periodic;quasi-periodic;quasi-periodic;quasi-periodic;periodic,quasi-periodic,regular-regime,0,0.0,0.21081609108659854,0.19926254324261886,0.3453661648074461,0.9792693172985762,0.8982653061224489,2,8,0,0,0,0,0,0,0,0
ellipsoid_1_0p8_0p6,4.0,30.0,3.0,5,5,10,quasi-periodic;periodic;quasi-periodic;quasi-periodic;periodic;quasi-periodic;quasi-periodic;periodic;periodic;periodic,quasi-periodic,regular-regime,0,0.0,0.18554151217446013,0.16455998712316108,0.31544453319684307,0.9903788602626256,0.9127551020408164,5,5,0,0,0,0,0,0,0,0
ellipsoid_1_0p8_0p6,4.0,30.0,5.0,5,5,10,quasi-periodic;quasi-periodic;periodic;quasi-periodic;quasi-periodic;quasi-periodic;periodic;periodic;quasi-periodic;periodic,quasi-periodic,regular-regime,0,0.0,0.17734176522114015,0.1422266964098391,0.30372579345447703,0.9931364976067802,0.8978571428571428,4,6,0,0,0,0,0,0,0,0
ellipsoid_1_0p8_0p6,4.0,30.0,8.0,5,5,10,quasi-periodic;quasi-periodic;quasi-periodic;quasi-periodic;quasi-periodic;quasi-periodic;quasi-periodic;quasi-periodic;quasi-periodic;quasi-periodic,quasi-periodic,regular-regime,0,0.0,0.20762669560497118,0.1837392789220446,0.3487587002569679,0.9838309565623733,0.8569387755102043,0,10,0,0,0,0,0,0,0,0
ellipsoid_1_0p8_0p6,4.0,4.0,11.0,5,5,10,quasi-periodic;periodic;periodic;quasi-periodic;periodic;periodic;quasi-periodic;quasi-periodic;quasi-periodic;quasi-periodic,quasi-periodic,regular-regime,0,0.0,0.1920959844908209,0.17526318667009727,0.32361463327916395,0.9850625559942763,0.9142857142857143,4,6,0,0,0,0,0,0,0,0
ellipsoid_1_0p8_0p6,4.0,4.0,3.0,5,5,10,periodic;quasi-periodic;periodic;quasi-periodic;quasi-periodic;periodic;periodic;quasi-periodic;periodic;quasi-periodic,periodic,regular-regime,0,0.0,0.17625050898361244,0.15405567542859525,0.29484148005744354,0.9857792460555054,0.9172448979591838,5,5,0,0,0,0,0,0,0,0
ellipsoid_1_0p8_0p6,4.0,4.0,5.0,5,5,10,quasi-periodic;quasi-periodic;quasi-periodic;quasi-periodic;periodic;quasi-periodic;periodic;periodic;periodic;quasi-periodic,quasi-periodic,regular-regime,0,0.0,0.20823903867858684,0.203722409544634,0.3372755578674712,0.9756183881580063,0.869795918367347,4,6,0,0,0,0,0,0,0,0
ellipsoid_1_0p8_0p6,4.0,4.0,8.0,5,5,10,periodic;quasi-periodic;periodic;periodic;periodic;periodic;periodic;quasi-periodic;quasi-periodic;periodic,periodic,regular-regime,0,0.0,0.2108079387258397,0.19794077568308244,0.3191429443010355,0.9640163995022825,0.7470408163265307,7,3,0,0,0,0,0,0,0,0
