index,name,shape_name,rho,energy_ratio,separation,repeat,solver_mode,ndiv,dt,tend,input,output
1,ellipsoid_1_0p8_0p6_rho4_E0p25_sep3_run01_impulse_noproj,ellipsoid_1_0p8_0p6,4.0,0.25,3.0,1,impulse_noproj,2,0.05,100.0,studies/two_body_paper_sweeps/runs/ellipsoid_1_0p8_0p6/ellipsoid_1_0p8_0p6_rho4_E0p25_sep3_run01_impulse_noproj/input.txt,studies/two_body_paper_sweeps/runs/ellipsoid_1_0p8_0p6/ellipsoid_1_0p8_0p6_rho4_E0p25_sep3_run01_impulse_noproj/multiple_body_complete.dat
2,ellipsoid_1_0p8_0p6_rho4_E0p25_sep3_run02_impulse_noproj,ellipsoid_1_0p8_0p6,4.0,0.25,3.0,2,impulse_noproj,2,0.05,100.0,studies/two_body_paper_sweeps/runs/ellipsoid_1_0p8_0p6/ellipsoid_1_0p8_0p6_rho4_E0p25_sep3_run02_impulse_noproj/input.txt,studies/two_body_paper_sweeps/runs/ellipsoid_1_0p8_0p6/ellipsoid_1_0p8_0p6_rho4_E0p25_sep3_run02_impulse_noproj/multiple_body_complete.dat
3,ellipsoid_1_0p8_0p6_rho4_E0p25_sep5_run01_impulse_noproj,ellipsoid_1_0p8_0p6,4.0,0.25,5.0,1,impulse_noproj,2,0.05,100.0,studies/two_body_paper_sweeps/runs/ellipsoid_1_0p8_0p6/ellipsoid_1_0p8_0p6_rho4_E0p25_sep5_run01_impulse_noproj/input.txt,studies/two_body_paper_sweeps/runs/ellipsoid_1_0p8_0p6/ellipsoid_1_0p8_0p6_rho4_E0p25_sep5_run01_impulse_noproj/multiple_body_complete.dat
4,ellipsoid_1_0p8_0p6_rho4_E0p25_sep5_run02_impulse_noproj,ellipsoid_1_0p8_0p6,4.0,0.25,5.0,2,impulse_noproj,2,0.05,100.0,studies/two_body_paper_sweeps/runs/ellipsoid_1_0p8_0p6/ellipsoid_1_0p8_0p6_rho4_E0p25_sep5_run02_impulse_noproj/input.txt,studies/two_body_paper_sweeps/runs/ellipsoid_1_0p8_0p6/ellipsoid_1_0p8_0p6_rho4_E0p25_sep5_run02_impulse_noproj/multiple_body_complete.dat
5,ellipsoid_1_0p8_0p6_rho4_E0p25_sep8_run01_impulse_noproj,ellipsoid_1_0p8_0p6,4.0,0.25,8.0,1,impulse_noproj,2,0.05,100.0,studies/two_body_paper_sweeps/runs/ellipsoid_1_0p8_0p6/ellipsoid_1_0p8_0p6_rho4_E0p25_sep8_run01_impulse_noproj/input.txt,studies/two_body_paper_sweeps/runs/ellipsoid_1_0p8_0p6/ellipsoid_1_0p8_0p6_rho4_E0p25_sep8_run01_impulse_noproj/multiple_body_complete.dat
6,ellipsoid_1_0p8_0p6_rho4_E0p25_sep8_run02_impulse_noproj,ellipsoid_1_0p8_0p6,4.0,0.25,8.0,2,impulse_noproj,2,0.05,100.0,studies/two_body_paper_sweeps/runs/ellipsoid_1_0p8_0p6/ellipsoid_1_0p8_0p6_rho4_E0p25_sep8_run02_impulse_noproj/input.txt,studies/two_body_paper_sweeps/runs/ellipsoid_1_0p8_0p6/ellipsoid_1_0p8_0p6_rho4_E0p25_sep8_run02_impulse_noproj/multiple_body_complete.dat
7,ellipsoid_1_0p8_0p6_rho4_E1_sep3_run01_impulse_noproj,ellipsoid_1_0p8_0p6,4.0,1.0,3.0,1,impulse_noproj,2,0.05,100.0,studies/two_body_paper_sweeps/runs/ellipsoid_1_0p8_0p6/ellipsoid_1_0p8_0p6_rho4_E1_sep3_run01_impulse_noproj/input.txt,studies/two_body_paper_sweeps/runs/ellipsoid_1_0p8_0p6/ellipsoid_1_0p8_0p6_rho4_E1_sep3_run01_impulse_noproj/multiple_body_complete.dat
8,ellipsoid_1_0p8_0p6_rho4_E1_sep3_run02_impulse_noproj,ellipsoid_1_0p8_0p6,4.0,1.0,3.0,2,impulse_noproj,2,0.05,100.0,studies/two_body_paper_sweeps/runs/ellipsoid_1_0p8_0p6/ellipsoid_1_0p8_0p6_rho4_E1_sep3_run02_impulse_noproj/input.txt,studies/two_body_paper_sweeps/runs/ellipsoid_1_0p8_0p6/ellipsoid_1_0p8_0p6_rho4_E1_sep3_run02_impulse_noproj/multiple_body_complete.dat
9,ellipsoid_1_0p8_0p6_rho4_E1_sep5_run01_impulse_noproj,ellipsoid_1_0p8_0p6,4.0,1.0,5.0,1,impulse_noproj,2,0.05,100.0,studies/two_body_paper_sweeps/runs/ellipsoid_1_0p8_0p6/ellipsoid_1_0p8_0p6_rho4_E1_sep5_run01_impulse_noproj/input.txt,studies/two_body_paper_sweeps/runs/ellipsoid_1_0p8_0p6/ellipsoid_1_0p8_0p6_rho4_E1_sep5_run01_impulse_noproj/multiple_body_complete.dat
10,ellipsoid_1_0p8_0p6_rho4_E1_sep5_run02_impulse_noproj,ellipsoid_1_0p8_0p6,4.0,1.0,5.0,2,impulse_noproj,2,0.05,100.0,studies/two_body_paper_sweeps/runs/ellipsoid_1_0p8_0p6/ellipsoid_1_0p8_0p6_rho4_E1_sep5_run02_impulse_noproj/input.txt,studies/two_body_paper_sweeps/runs/ellipsoid_1_0p8_0p6/ellipsoid_1_0p8_0p6_rho4_E1_sep5_run02_impulse_noproj/multiple_body_complete.dat
11,ellipsoid_1_0p8_0p6_rho4_E1_sep8_run01_impulse_noproj,ellipsoid_1_0p8_0p6,4.0,1.0,8.0,1,impulse_noproj,2,0.05,100.0,studies/two_body_paper_sweeps/runs/ellipsoid_1_0p8_0p6/ellipsoid_1_0p8_0p6_rho4_E1_sep8_run01_impulse_noproj/input.txt,studies/two_body_paper_sweeps/runs/ellipsoid_1_0p8_0p6/ellipsoid_1_0p8_0p6_rho4_E1_sep8_run01_impulse_noproj/multiple_body_complete.dat
12,ellipsoid_1_0p8_0p6_rho4_E1_sep8_run02_impulse_noproj,ellipsoid_1_0p8_0p6,4.0,1.0,8.0,2,impulse_noproj,2,0.05,100.0,studies/two_body_paper_sweeps/runs/ellipsoid_1_0p8_0p6/ellipsoid_1_0p8_0p6_rho4_E1_sep8_run02_impulse_noproj/input.txt,studies/two_body_paper_sweeps/runs/ellipsoid_1_0p8_0p6/ellipsoid_1_0p8_0p6_rho4_E1_sep8_run02_impulse_noproj/multiple_body_complete.dat
13,ellipsoid_1_0p8_0p6_rho4_E4_sep3_run01_impulse_noproj,ellipsoid_1_0p8_0p6,4.0,4.0,3.0,1,impulse_noproj,2,0.05,100.0,studies/two_body_paper_sweeps/runs/ellipsoid_1_0p8_0p6/ellipsoid_1_0p8_0p6_rho4_E4_sep3_run01_impulse_noproj/input.txt,studies/two_body_paper_sweeps/runs/ellipsoid_1_0p8_0p6/ellipsoid_1_0p8_0p6_rho4_E4_sep3_run01_impulse_noproj/multiple_body_complete.dat
14,ellipsoid_1_0p8_0p6_rho4_E4_sep3_run02_impulse_noproj,ellipsoid_1_0p8_0p6,4.0,4.0,3.0,2,impulse_noproj,2,0.05,100.0,studies/two_body_paper_sweeps/runs/ellipsoid_1_0p8_0p6/ellipsoid_1_0p8_0p6_rho4_E4_sep3_run02_impulse_noproj/input.txt,studies/two_body_paper_sweeps/runs/ellipsoid_1_0p8_0p6/ellipsoid_1_0p8_0p6_rho4_E4_sep3_run02_impulse_noproj/multiple_body_complete.dat
15,ellipsoid_1_0p8_0p6_rho4_E4_sep5_run01_impulse_noproj,ellipsoid_1_0p8_0p6,4.0,4.0,5.0,1,impulse_noproj,2,0.05,100.0,studies/two_body_paper_sweeps/runs/ellipsoid_1_0p8_0p6/ellipsoid_1_0p8_0p6_rho4_E4_sep5_run01_impulse_noproj/input.txt,studies/two_body_paper_sweeps/runs/ellipsoid_1_0p8_0p6/ellipsoid_1_0p8_0p6_rho4_E4_sep5_run01_impulse_noproj/multiple_body_complete.dat
16,ellipsoid_1_0p8_0p6_rho4_E4_sep5_run02_impulse_noproj,ellipsoid_1_0p8_0p6,4.0,4.0,5.0,2,impulse_noproj,2,0.05,100.0,studies/two_body_paper_sweeps/runs/ellipsoid_1_0p8_0p6/ellipsoid_1_0p8_0p6_rho4_E4_sep5_run02_impulse_noproj/input.txt,studies/two_body_paper_sweeps/runs/ellipsoid_1_0p8_0p6/ellipsoid_1_0p8_0p6_rho4_E4_sep5_run02_impulse_noproj/multiple_body_complete.dat
17,ellipsoid_1_0p8_0p6_rho4_E4_sep8_run01_impulse_noproj,ellipsoid_1_0p8_0p6,4.0,4.0,8.0,1,impulse_noproj,2,0.05,100.0,studies/two_body_paper_sweeps/runs/ellipsoid_1_0p8_0p6/ellipsoid_1_0p8_0p6_rho4_E4_sep8_run01_impulse_noproj/input.txt,studies/two_body_paper_sweeps/runs/ellipsoid_1_0p8_0p6/ellipsoid_1_0p8_0p6_rho4_E4_sep8_run01_impulse_noproj/multiple_body_complete.dat
18,ellipsoid_1_0p8_0p6_rho4_E4_sep8_run02_impulse_noproj,ellipsoid_1_0p8_0p6,4.0,4.0,8.0,2,impulse_noproj,2,0.05,100.0,studies/two_body_paper_sweeps/runs/ellipsoid_1_0p8_0p6/ellipsoid_1_0p8_0p6_rho4_E4_sep8_run02_impulse_noproj/input.txt,studies/two_body_paper_sweeps/runs/ellipsoid_1_0p8_0p6/ellipsoid_1_0p8_0p6_rho4_E4_sep8_run02_impulse_noproj/multiple_body_complete.dat
19,ellipsoid_1_0p8_0p6_rho4_E16_sep3_run01_impulse_noproj,ellipsoid_1_0p8_0p6,4.0,16.0,3.0,1,impulse_noproj,2,0.05,100.0,studies/two_body_paper_sweeps/runs/ellipsoid_1_0p8_0p6/ellipsoid_1_0p8_0p6_rho4_E16_sep3_run01_impulse_noproj/input.txt,studies/two_body_paper_sweeps/runs/ellipsoid_1_0p8_0p6/ellipsoid_1_0p8_0p6_rho4_E16_sep3_run01_impulse_noproj/multiple_body_complete.dat
20,ellipsoid_1_0p8_0p6_rho4_E16_sep3_run02_impulse_noproj,ellipsoid_1_0p8_0p6,4.0,16.0,3.0,2,impulse_noproj,2,0.05,100.0,studies/two_body_paper_sweeps/runs/ellipsoid_1_0p8_0p6/ellipsoid_1_0p8_0p6_rho4_E16_sep3_run02_impulse_noproj/input.txt,studies/two_body_paper_sweeps/runs/ellipsoid_1_0p8_0p6/ellipsoid_1_0p8_0p6_rho4_E16_sep3_run02_impulse_noproj/multiple_body_complete.dat
21,ellipsoid_1_0p8_0p6_rho4_E16_sep5_run01_impulse_noproj,ellipsoid_1_0p8_0p6,4.0,16.0,5.0,1,impulse_noproj,2,0.05,100.0,studies/two_body_paper_sweeps/runs/ellipsoid_1_0p8_0p6/ellipsoid_1_0p8_0p6_rho4_E16_sep5_run01_impulse_noproj/input.txt,studies/two_body_paper_sweeps/runs/ellipsoid_1_0p8_0p6/ellipsoid_1_0p8_0p6_rho4_E16_sep5_run01_impulse_noproj/multiple_body_complete.dat
22,ellipsoid_1_0p8_0p6_rho4_E16_sep5_run02_impulse_noproj,ellipsoid_1_0p8_0p6,4.0,16.0,5.0,2,impulse_noproj,2,0.05,100.0,studies/two_body_paper_sweeps/runs/ellipsoid_1_0p8_0p6/ellipsoid_1_0p8_0p6_rho4_E16_sep5_run02_impulse_noproj/input.txt,studies/two_body_paper_sweeps/runs/ellipsoid_1_0p8_0p6/ellipsoid_1_0p8_0p6_rho4_E16_sep5_run02_impulse_noproj/multiple_body_complete.dat
23,ellipsoid_1_0p8_0p6_rho4_E16_sep8_run01_impulse_noproj,ellipsoid_1_0p8_0p6,4.0,16.0,8.0,1,impulse_noproj,2,0.05,100.0,studies/two_body_paper_sweeps/runs/ellipsoid_1_0p8_0p6/ellipsoid_1_0p8_0p6_rho4_E16_sep8_run01_impulse_noproj/input.txt,studies/two_body_paper_sweeps/runs/ellipsoid_1_0p8_0p6/ellipsoid_1_0p8_0p6_rho4_E16_sep8_run01_impulse_noproj/multiple_body_complete.dat
24,ellipsoid_1_0p8_0p6_rho4_E16_sep8_run02_impulse_noproj,ellipsoid_1_0p8_0p6,4.0,16.0,8.0,2,impulse_noproj,2,0.05,100.0,studies/two_body_paper_sweeps/runs/ellipsoid_1_0p8_0p6/ellipsoid_1_0p8_0p6_rho4_E16_sep8_run02_impulse_noproj/input.txt,studies/two_body_paper_sweeps/runs/ellipsoid_1_0p8_0p6/ellipsoid_1_0p8_0p6_rho4_E16_sep8_run02_impulse_noproj/multiple_body_complete.dat
25,ellipsoid_1_0p8_0p6_rho1_E0p25_sep3_run01_impulse_noproj,ellipsoid_1_0p8_0p6,1.0,0.25,3.0,1,impulse_noproj,2,0.05,100.0,studies/two_body_paper_sweeps/runs/ellipsoid_1_0p8_0p6/ellipsoid_1_0p8_0p6_rho1_E0p25_sep3_run01_impulse_noproj/input.txt,studies/two_body_paper_sweeps/runs/ellipsoid_1_0p8_0p6/ellipsoid_1_0p8_0p6_rho1_E0p25_sep3_run01_impulse_noproj/multiple_body_complete.dat
26,ellipsoid_1_0p8_0p6_rho1_E0p25_sep3_run02_impulse_noproj,ellipsoid_1_0p8_0p6,1.0,0.25,3.0,2,impulse_noproj,2,0.05,100.0,studies/two_body_paper_sweeps/runs/ellipsoid_1_0p8_0p6/ellipsoid_1_0p8_0p6_rho1_E0p25_sep3_run02_impulse_noproj/input.txt,studies/two_body_paper_sweeps/runs/ellipsoid_1_0p8_0p6/ellipsoid_1_0p8_0p6_rho1_E0p25_sep3_run02_impulse_noproj/multiple_body_complete.dat
27,ellipsoid_1_0p8_0p6_rho1_E0p25_sep5_run01_impulse_noproj,ellipsoid_1_0p8_0p6,1.0,0.25,5.0,1,impulse_noproj,2,0.05,100.0,studies/two_body_paper_sweeps/runs/ellipsoid_1_0p8_0p6/ellipsoid_1_0p8_0p6_rho1_E0p25_sep5_run01_impulse_noproj/input.txt,studies/two_body_paper_sweeps/runs/ellipsoid_1_0p8_0p6/ellipsoid_1_0p8_0p6_rho1_E0p25_sep5_run01_impulse_noproj/multiple_body_complete.dat
28,ellipsoid_1_0p8_0p6_rho1_E0p25_sep5_run02_impulse_noproj,ellipsoid_1_0p8_0p6,1.0,0.25,5.0,2,impulse_noproj,2,0.05,100.0,studies/two_body_paper_sweeps/runs/ellipsoid_1_0p8_0p6/ellipsoid_1_0p8_0p6_rho1_E0p25_sep5_run02_impulse_noproj/input.txt,studies/two_body_paper_sweeps/runs/ellipsoid_1_0p8_0p6/ellipsoid_1_0p8_0p6_rho1_E0p25_sep5_run02_impulse_noproj/multiple_body_complete.dat
29,ellipsoid_1_0p8_0p6_rho1_E0p25_sep8_run01_impulse_noproj,ellipsoid_1_0p8_0p6,1.0,0.25,8.0,1,impulse_noproj,2,0.05,100.0,studies/two_body_paper_sweeps/runs/ellipsoid_1_0p8_0p6/ellipsoid_1_0p8_0p6_rho1_E0p25_sep8_run01_impulse_noproj/input.txt,studies/two_body_paper_sweeps/runs/ellipsoid_1_0p8_0p6/ellipsoid_1_0p8_0p6_rho1_E0p25_sep8_run01_impulse_noproj/multiple_body_complete.dat
30,ellipsoid_1_0p8_0p6_rho1_E0p25_sep8_run02_impulse_noproj,ellipsoid_1_0p8_0p6,1.0,0.25,8.0,2,impulse_noproj,2,0.05,100.0,studies/two_body_paper_sweeps/runs/ellipsoid_1_0p8_0p6/ellipsoid_1_0p8_0p6_rho1_E0p25_sep8_run02_impulse_noproj/input.txt,studies/two_body_paper_sweeps/runs/ellipsoid_1_0p8_0p6/ellipsoid_1_0p8_0p6_rho1_E0p25_sep8_run02_impulse_noproj/multiple_body_complete.dat
31,ellipsoid_1_0p8_0p6_rho1_E1_sep3_run01_impulse_noproj,ellipsoid_1_0p8_0p6,1.0,1.0,3.0,1,impulse_noproj,2,0.05,100.0,studies/two_body_paper_sweeps/runs/ellipsoid_1_0p8_0p6/ellipsoid_1_0p8_0p6_rho1_E1_sep3_run01_impulse_noproj/input.txt,studies/two_body_paper_sweeps/runs/ellipsoid_1_0p8_0p6/ellipsoid_1_0p8_0p6_rho1_E1_sep3_run01_impulse_noproj/multiple_body_complete.dat
32,ellipsoid_1_0p8_0p6_rho1_E1_sep3_run02_impulse_noproj,ellipsoid_1_0p8_0p6,1.0,1.0,3.0,2,impulse_noproj,2,0.05,100.0,studies/two_body_paper_sweeps/runs/ellipsoid_1_0p8_0p6/ellipsoid_1_0p8_0p6_rho1_E1_sep3_run02_impulse_noproj/input.txt,studies/two_body_paper_sweeps/runs/ellipsoid_1_0p8_0p6/ellipsoid_1_0p8_0p6_rho1_E1_sep3_run02_impulse_noproj/multiple_body_complete.dat
33,ellipsoid_1_0p8_0p6_rho1_E1_sep5_run01_impulse_noproj,ellipsoid_1_0p8_0p6,1.0,1.0,5.0,1,impulse_noproj,2,0.05,100.0,studies/two_body_paper_sweeps/runs/ellipsoid_1_0p8_0p6/ellipsoid_1_0p8_0p6_rho1_E1_sep5_run01_impulse_noproj/input.txt,studies/two_body_paper_sweeps/runs/ellipsoid_1_0p8_0p6/ellipsoid_1_0p8_0p6_rho1_E1_sep5_run01_impulse_noproj/multiple_body_complete.dat
34,ellipsoid_1_0p8_0p6_rho1_E1_sep5_run02_impulse_noproj,ellipsoid_1_0p8_0p6,1.0,1.0,5.0,2,impulse_noproj,2,0.05,100.0,studies/two_body_paper_sweeps/runs/ellipsoid_1_0p8_0p6/ellipsoid_1_0p8_0p6_rho1_E1_sep5_run02_impulse_noproj/input.txt,studies/two_body_paper_sweeps/runs/ellipsoid_1_0p8_0p6/ellipsoid_1_0p8_0p6_rho1_E1_sep5_run02_impulse_noproj/multiple_body_complete.dat
35,ellipsoid_1_0p8_0p6_rho1_E1_sep8_run01_impulse_noproj,ellipsoid_1_0p8_0p6,1.0,1.0,8.0,1,impulse_noproj,2,0.05,100.0,studies/two_body_paper_sweeps/runs/ellipsoid_1_0p8_0p6/ellipsoid_1_0p8_0p6_rho1_E1_sep8_run01_impulse_noproj/input.txt,studies/two_body_paper_sweeps/runs/ellipsoid_1_0p8_0p6/ellipsoid_1_0p8_0p6_rho1_E1_sep8_run01_impulse_noproj/multiple_body_complete.dat
36,ellipsoid_1_0p8_0p6_rho1_E1_sep8_run02_impulse_noproj,ellipsoid_1_0p8_0p6,1.0,1.0,8.0,2,impulse_noproj,2,0.05,100.0,studies/two_body_paper_sweeps/runs/ellipsoid_1_0p8_0p6/ellipsoid_1_0p8_0p6_rho1_E1_sep8_run02_impulse_noproj/input.txt,studies/two_body_paper_sweeps/runs/ellipsoid_1_0p8_0p6/ellipsoid_1_0p8_0p6_rho1_E1_sep8_run02_impulse_noproj/multiple_body_complete.dat
37,ellipsoid_1_0p8_0p6_rho1_E4_sep3_run01_impulse_noproj,ellipsoid_1_0p8_0p6,1.0,4.0,3.0,1,impulse_noproj,2,0.05,100.0,studies/two_body_paper_sweeps/runs/ellipsoid_1_0p8_0p6/ellipsoid_1_0p8_0p6_rho1_E4_sep3_run01_impulse_noproj/input.txt,studies/two_body_paper_sweeps/runs/ellipsoid_1_0p8_0p6/ellipsoid_1_0p8_0p6_rho1_E4_sep3_run01_impulse_noproj/multiple_body_complete.dat
38,ellipsoid_1_0p8_0p6_rho1_E4_sep3_run02_impulse_noproj,ellipsoid_1_0p8_0p6,1.0,4.0,3.0,2,impulse_noproj,2,0.05,100.0,studies/two_body_paper_sweeps/runs/ellipsoid_1_0p8_0p6/ellipsoid_1_0p8_0p6_rho1_E4_sep3_run02_impulse_noproj/input.txt,studies/two_body_paper_sweeps/runs/ellipsoid_1_0p8_0p6/ellipsoid_1_0p8_0p6_rho1_E4_sep3_run02_impulse_noproj/multiple_body_complete.dat
39,ellipsoid_1_0p8_0p6_rho1_E4_sep5_run01_impulse_noproj,ellipsoid_1_0p8_0p6,1.0,4.0,5.0,1,impulse_noproj,2,0.05,100.0,studies/two_body_paper_sweeps/runs/ellipsoid_1_0p8_0p6/ellipsoid_1_0p8_0p6_rho1_E4_sep5_run01_impulse_noproj/input.txt,studies/two_body_paper_sweeps/runs/ellipsoid_1_0p8_0p6/ellipsoid_1_0p8_0p6_rho1_E4_sep5_run01_impulse_noproj/multiple_body_complete.dat
40,ellipsoid_1_0p8_0p6_rho1_E4_sep5_run02_impulse_noproj,ellipsoid_1_0p8_0p6,1.0,4.0,5.0,2,impulse_noproj,2,0.05,100.0,studies/two_body_paper_sweeps/runs/ellipsoid_1_0p8_0p6/ellipsoid_1_0p8_0p6_rho1_E4_sep5_run02_impulse_noproj/input.txt,studies/two_body_paper_sweeps/runs/ellipsoid_1_0p8_0p6/ellipsoid_1_0p8_0p6_rho1_E4_sep5_run02_impulse_noproj/multiple_body_complete.dat
41,ellipsoid_1_0p8_0p6_rho1_E4_sep8_run01_impulse_noproj,ellipsoid_1_0p8_0p6,1.0,4.0,8.0,1,impulse_noproj,2,0.05,100.0,studies/two_body_paper_sweeps/runs/ellipsoid_1_0p8_0p6/ellipsoid_1_0p8_0p6_rho1_E4_sep8_run01_impulse_noproj/input.txt,studies/two_body_paper_sweeps/runs/ellipsoid_1_0p8_0p6/ellipsoid_1_0p8_0p6_rho1_E4_sep8_run01_impulse_noproj/multiple_body_complete.dat
42,ellipsoid_1_0p8_0p6_rho1_E4_sep8_run02_impulse_noproj,ellipsoid_1_0p8_0p6,1.0,4.0,8.0,2,impulse_noproj,2,0.05,100.0,studies/two_body_paper_sweeps/runs/ellipsoid_1_0p8_0p6/ellipsoid_1_0p8_0p6_rho1_E4_sep8_run02_impulse_noproj/input.txt,studies/two_body_paper_sweeps/runs/ellipsoid_1_0p8_0p6/ellipsoid_1_0p8_0p6_rho1_E4_sep8_run02_impulse_noproj/multiple_body_complete.dat
43,ellipsoid_1_0p8_0p6_rho1_E16_sep3_run01_impulse_noproj,ellipsoid_1_0p8_0p6,1.0,16.0,3.0,1,impulse_noproj,2,0.05,100.0,studies/two_body_paper_sweeps/runs/ellipsoid_1_0p8_0p6/ellipsoid_1_0p8_0p6_rho1_E16_sep3_run01_impulse_noproj/input.txt,studies/two_body_paper_sweeps/runs/ellipsoid_1_0p8_0p6/ellipsoid_1_0p8_0p6_rho1_E16_sep3_run01_impulse_noproj/multiple_body_complete.dat
44,ellipsoid_1_0p8_0p6_rho1_E16_sep3_run02_impulse_noproj,ellipsoid_1_0p8_0p6,1.0,16.0,3.0,2,impulse_noproj,2,0.05,100.0,studies/two_body_paper_sweeps/runs/ellipsoid_1_0p8_0p6/ellipsoid_1_0p8_0p6_rho1_E16_sep3_run02_impulse_noproj/input.txt,studies/two_body_paper_sweeps/runs/ellipsoid_1_0p8_0p6/ellipsoid_1_0p8_0p6_rho1_E16_sep3_run02_impulse_noproj/multiple_body_complete.dat
45,ellipsoid_1_0p8_0p6_rho1_E16_sep5_run01_impulse_noproj,ellipsoid_1_0p8_0p6,1.0,16.0,5.0,1,impulse_noproj,2,0.05,100.0,studies/two_body_paper_sweeps/runs/ellipsoid_1_0p8_0p6/ellipsoid_1_0p8_0p6_rho1_E16_sep5_run01_impulse_noproj/input.txt,studies/two_body_paper_sweeps/runs/ellipsoid_1_0p8_0p6/ellipsoid_1_0p8_0p6_rho1_E16_sep5_run01_impulse_noproj/multiple_body_complete.dat
46,ellipsoid_1_0p8_0p6_rho1_E16_sep5_run02_impulse_noproj,ellipsoid_1_0p8_0p6,1.0,16.0,5.0,2,impulse_noproj,2,0.05,100.0,studies/two_body_paper_sweeps/runs/ellipsoid_1_0p8_0p6/ellipsoid_1_0p8_0p6_rho1_E16_sep5_run02_impulse_noproj/input.txt,studies/two_body_paper_sweeps/runs/ellipsoid_1_0p8_0p6/ellipsoid_1_0p8_0p6_rho1_E16_sep5_run02_impulse_noproj/multiple_body_complete.dat
47,ellipsoid_1_0p8_0p6_rho1_E16_sep8_run01_impulse_noproj,ellipsoid_1_0p8_0p6,1.0,16.0,8.0,1,impulse_noproj,2,0.05,100.0,studies/two_body_paper_sweeps/runs/ellipsoid_1_0p8_0p6/ellipsoid_1_0p8_0p6_rho1_E16_sep8_run01_impulse_noproj/input.txt,studies/two_body_paper_sweeps/runs/ellipsoid_1_0p8_0p6/ellipsoid_1_0p8_0p6_rho1_E16_sep8_run01_impulse_noproj/multiple_body_complete.dat
48,ellipsoid_1_0p8_0p6_rho1_E16_sep8_run02_impulse_noproj,ellipsoid_1_0p8_0p6,1.0,16.0,8.0,2,impulse_noproj,2,0.05,100.0,studies/two_body_paper_sweeps/runs/ellipsoid_1_0p8_0p6/ellipsoid_1_0p8_0p6_rho1_E16_sep8_run02_impulse_noproj/input.txt,studies/two_body_paper_sweeps/runs/ellipsoid_1_0p8_0p6/ellipsoid_1_0p8_0p6_rho1_E16_sep8_run02_impulse_noproj/multiple_body_complete.dat
49,ellipsoid_1_0p8_0p6_rho0p3_E0p25_sep3_run01_impulse_noproj,ellipsoid_1_0p8_0p6,0.3,0.25,3.0,1,impulse_noproj,2,0.05,100.0,studies/two_body_paper_sweeps/runs/ellipsoid_1_0p8_0p6/ellipsoid_1_0p8_0p6_rho0p3_E0p25_sep3_run01_impulse_noproj/input.txt,studies/two_body_paper_sweeps/runs/ellipsoid_1_0p8_0p6/ellipsoid_1_0p8_0p6_rho0p3_E0p25_sep3_run01_impulse_noproj/multiple_body_complete.dat
50,ellipsoid_1_0p8_0p6_rho0p3_E0p25_sep3_run02_impulse_noproj,ellipsoid_1_0p8_0p6,0.3,0.25,3.0,2,impulse_noproj,2,0.05,100.0,studies/two_body_paper_sweeps/runs/ellipsoid_1_0p8_0p6/ellipsoid_1_0p8_0p6_rho0p3_E0p25_sep3_run02_impulse_noproj/input.txt,studies/two_body_paper_sweeps/runs/ellipsoid_1_0p8_0p6/ellipsoid_1_0p8_0p6_rho0p3_E0p25_sep3_run02_impulse_noproj/multiple_body_complete.dat
51,ellipsoid_1_0p8_0p6_rho0p3_E0p25_sep5_run01_impulse_noproj,ellipsoid_1_0p8_0p6,0.3,0.25,5.0,1,impulse_noproj,2,0.05,100.0,studies/two_body_paper_sweeps/runs/ellipsoid_1_0p8_0p6/ellipsoid_1_0p8_0p6_rho0p3_E0p25_sep5_run01_impulse_noproj/input.txt,studies/two_body_paper_sweeps/runs/ellipsoid_1_0p8_0p6/ellipsoid_1_0p8_0p6_rho0p3_E0p25_sep5_run01_impulse_noproj/multiple_body_complete.dat
52,ellipsoid_1_0p8_0p6_rho0p3_E0p25_sep5_run02_impulse_noproj,ellipsoid_1_0p8_0p6,0.3,0.25,5.0,2,impulse_noproj,2,0.05,100.0,studies/two_body_paper_sweeps/runs/ellipsoid_1_0p8_0p6/ellipsoid_1_0p8_0p6_rho0p3_E0p25_sep5_run02_impulse_noproj/input.txt,studies/two_body_paper_sweeps/runs/ellipsoid_1_0p8_0p6/ellipsoid_1_0p8_0p6_rho0p3_E0p25_sep5_run02_impulse_noproj/multiple_body_complete.dat
53,ellipsoid_1_0p8_0p6_rho0p3_E0p25_sep8_run01_impulse_noproj,ellipsoid_1_0p8_0p6,0.3,0.25,8.0,1,impulse_noproj,2,0.05,100.0,studies/two_body_paper_sweeps/runs/ellipsoid_1_0p8_0p6/ellipsoid_1_0p8_0p6_rho0p3_E0p25_sep8_run01_impulse_noproj/input.txt,studies/two_body_paper_sweeps/runs/ellipsoid_1_0p8_0p6/ellipsoid_1_0p8_0p6_rho0p3_E0p25_sep8_run01_impulse_noproj/multiple_body_complete.dat
54,ellipsoid_1_0p8_0p6_rho0p3_E0p25_sep8_run02_impulse_noproj,ellipsoid_1_0p8_0p6,0.3,0.25,8.0,2,impulse_noproj,2,0.05,100.0,studies/two_body_paper_sweeps/runs/ellipsoid_1_0p8_0p6/ellipsoid_1_0p8_0p6_rho0p3_E0p25_sep8_run02_impulse_noproj/input.txt,studies/two_body_paper_sweeps/runs/ellipsoid_1_0p8_0p6/ellipsoid_1_0p8_0p6_rho0p3_E0p25_sep8_run02_impulse_noproj/multiple_body_complete.dat
55,ellipsoid_1_0p8_0p6_rho0p3_E1_sep3_run01_impulse_noproj,ellipsoid_1_0p8_0p6,0.3,1.0,3.0,1,impulse_noproj,2,0.05,100.0,studies/two_body_paper_sweeps/runs/ellipsoid_1_0p8_0p6/ellipsoid_1_0p8_0p6_rho0p3_E1_sep3_run01_impulse_noproj/input.txt,studies/two_body_paper_sweeps/runs/ellipsoid_1_0p8_0p6/ellipsoid_1_0p8_0p6_rho0p3_E1_sep3_run01_impulse_noproj/multiple_body_complete.dat
56,ellipsoid_1_0p8_0p6_rho0p3_E1_sep3_run02_impulse_noproj,ellipsoid_1_0p8_0p6,0.3,1.0,3.0,2,impulse_noproj,2,0.05,100.0,studies/two_body_paper_sweeps/runs/ellipsoid_1_0p8_0p6/ellipsoid_1_0p8_0p6_rho0p3_E1_sep3_run02_impulse_noproj/input.txt,studies/two_body_paper_sweeps/runs/ellipsoid_1_0p8_0p6/ellipsoid_1_0p8_0p6_rho0p3_E1_sep3_run02_impulse_noproj/multiple_body_complete.dat
57,ellipsoid_1_0p8_0p6_rho0p3_E1_sep5_run01_impulse_noproj,ellipsoid_1_0p8_0p6,0.3,1.0,5.0,1,impulse_noproj,2,0.05,100.0,studies/two_body_paper_sweeps/runs/ellipsoid_1_0p8_0p6/ellipsoid_1_0p8_0p6_rho0p3_E1_sep5_run01_impulse_noproj/input.txt,studies/two_body_paper_sweeps/runs/ellipsoid_1_0p8_0p6/ellipsoid_1_0p8_0p6_rho0p3_E1_sep5_run01_impulse_noproj/multiple_body_complete.dat
58,ellipsoid_1_0p8_0p6_rho0p3_E1_sep5_run02_impulse_noproj,ellipsoid_1_0p8_0p6,0.3,1.0,5.0,2,impulse_noproj,2,0.05,100.0,studies/two_body_paper_sweeps/runs/ellipsoid_1_0p8_0p6/ellipsoid_1_0p8_0p6_rho0p3_E1_sep5_run02_impulse_noproj/input.txt,studies/two_body_paper_sweeps/runs/ellipsoid_1_0p8_0p6/ellipsoid_1_0p8_0p6_rho0p3_E1_sep5_run02_impulse_noproj/multiple_body_complete.dat
59,ellipsoid_1_0p8_0p6_rho0p3_E1_sep8_run01_impulse_noproj,ellipsoid_1_0p8_0p6,0.3,1.0,8.0,1,impulse_noproj,2,0.05,100.0,studies/two_body_paper_sweeps/runs/ellipsoid_1_0p8_0p6/ellipsoid_1_0p8_0p6_rho0p3_E1_sep8_run01_impulse_noproj/input.txt,studies/two_body_paper_sweeps/runs/ellipsoid_1_0p8_0p6/ellipsoid_1_0p8_0p6_rho0p3_E1_sep8_run01_impulse_noproj/multiple_body_complete.dat
60,ellipsoid_1_0p8_0p6_rho0p3_E1_sep8_run02_impulse_noproj,ellipsoid_1_0p8_0p6,0.3,1.0,8.0,2,impulse_noproj,2,0.05,100.0,studies/two_body_paper_sweeps/runs/ellipsoid_1_0p8_0p6/ellipsoid_1_0p8_0p6_rho0p3_E1_sep8_run02_impulse_noproj/input.txt,studies/two_body_paper_sweeps/runs/ellipsoid_1_0p8_0p6/ellipsoid_1_0p8_0p6_rho0p3_E1_sep8_run02_impulse_noproj/multiple_body_complete.dat
61,ellipsoid_1_0p8_0p6_rho0p3_E4_sep3_run01_impulse_noproj,ellipsoid_1_0p8_0p6,0.3,4.0,3.0,1,impulse_noproj,2,0.05,100.0,studies/two_body_paper_sweeps/runs/ellipsoid_1_0p8_0p6/ellipsoid_1_0p8_0p6_rho0p3_E4_sep3_run01_impulse_noproj/input.txt,studies/two_body_paper_sweeps/runs/ellipsoid_1_0p8_0p6/ellipsoid_1_0p8_0p6_rho0p3_E4_sep3_run01_impulse_noproj/multiple_body_complete.dat
62,ellipsoid_1_0p8_0p6_rho0p3_E4_sep3_run02_impulse_noproj,ellipsoid_1_0p8_0p6,0.3,4.0,3.0,2,impulse_noproj,2,0.05,100.0,studies/two_body_paper_sweeps/runs/ellipsoid_1_0p8_0p6/ellipsoid_1_0p8_0p6_rho0p3_E4_sep3_run02_impulse_noproj/input.txt,studies/two_body_paper_sweeps/runs/ellipsoid_1_0p8_0p6/ellipsoid_1_0p8_0p6_rho0p3_E4_sep3_run02_impulse_noproj/multiple_body_complete.dat
63,ellipsoid_1_0p8_0p6_rho0p3_E4_sep5_run01_impulse_noproj,ellipsoid_1_0p8_0p6,0.3,4.0,5.0,1,impulse_noproj,2,0.05,100.0,studies/two_body_paper_sweeps/runs/ellipsoid_1_0p8_0p6/ellipsoid_1_0p8_0p6_rho0p3_E4_sep5_run01_impulse_noproj/input.txt,studies/two_body_paper_sweeps/runs/ellipsoid_1_0p8_0p6/ellipsoid_1_0p8_0p6_rho0p3_E4_sep5_run01_impulse_noproj/multiple_body_complete.dat
64,ellipsoid_1_0p8_0p6_rho0p3_E4_sep5_run02_impulse_noproj,ellipsoid_1_0p8_0p6,0.3,4.0,5.0,2,impulse_noproj,2,0.05,100.0,studies/two_body_paper_sweeps/runs/ellipsoid_1_0p8_0p6/ellipsoid_1_0p8_0p6_rho0p3_E4_sep5_run02_impulse_noproj/input.txt,studies/two_body_paper_sweeps/runs/ellipsoid_1_0p8_0p6/ellipsoid_1_0p8_0p6_rho0p3_E4_sep5_run02_impulse_noproj/multiple_body_complete.dat
65,ellipsoid_1_0p8_0p6_rho0p3_E4_sep8_run01_impulse_noproj,ellipsoid_1_0p8_0p6,0.3,4.0,8.0,1,impulse_noproj,2,0.05,100.0,studies/two_body_paper_sweeps/runs/ellipsoid_1_0p8_0p6/ellipsoid_1_0p8_0p6_rho0p3_E4_sep8_run01_impulse_noproj/input.txt,studies/two_body_paper_sweeps/runs/ellipsoid_1_0p8_0p6/ellipsoid_1_0p8_0p6_rho0p3_E4_sep8_run01_impulse_noproj/multiple_body_complete.dat
66,ellipsoid_1_0p8_0p6_rho0p3_E4_sep8_run02_impulse_noproj,ellipsoid_1_0p8_0p6,0.3,4.0,8.0,2,impulse_noproj,2,0.05,100.0,studies/two_body_paper_sweeps/runs/ellipsoid_1_0p8_0p6/ellipsoid_1_0p8_0p6_rho0p3_E4_sep8_run02_impulse_noproj/input.txt,studies/two_body_paper_sweeps/runs/ellipsoid_1_0p8_0p6/ellipsoid_1_0p8_0p6_rho0p3_E4_sep8_run02_impulse_noproj/multiple_body_complete.dat
67,ellipsoid_1_0p8_0p6_rho0p3_E16_sep3_run01_impulse_noproj,ellipsoid_1_0p8_0p6,0.3,16.0,3.0,1,impulse_noproj,2,0.05,100.0,studies/two_body_paper_sweeps/runs/ellipsoid_1_0p8_0p6/ellipsoid_1_0p8_0p6_rho0p3_E16_sep3_run01_impulse_noproj/input.txt,studies/two_body_paper_sweeps/runs/ellipsoid_1_0p8_0p6/ellipsoid_1_0p8_0p6_rho0p3_E16_sep3_run01_impulse_noproj/multiple_body_complete.dat
68,ellipsoid_1_0p8_0p6_rho0p3_E16_sep3_run02_impulse_noproj,ellipsoid_1_0p8_0p6,0.3,16.0,3.0,2,impulse_noproj,2,0.05,100.0,studies/two_body_paper_sweeps/runs/ellipsoid_1_0p8_0p6/ellipsoid_1_0p8_0p6_rho0p3_E16_sep3_run02_impulse_noproj/input.txt,studies/two_body_paper_sweeps/runs/ellipsoid_1_0p8_0p6/ellipsoid_1_0p8_0p6_rho0p3_E16_sep3_run02_impulse_noproj/multiple_body_complete.dat
69,ellipsoid_1_0p8_0p6_rho0p3_E16_sep5_run01_impulse_noproj,ellipsoid_1_0p8_0p6,0.3,16.0,5.0,1,impulse_noproj,2,0.05,100.0,studies/two_body_paper_sweeps/runs/ellipsoid_1_0p8_0p6/ellipsoid_1_0p8_0p6_rho0p3_E16_sep5_run01_impulse_noproj/input.txt,studies/two_body_paper_sweeps/runs/ellipsoid_1_0p8_0p6/ellipsoid_1_0p8_0p6_rho0p3_E16_sep5_run01_impulse_noproj/multiple_body_complete.dat
70,ellipsoid_1_0p8_0p6_rho0p3_E16_sep5_run02_impulse_noproj,ellipsoid_1_0p8_0p6,0.3,16.0,5.0,2,impulse_noproj,2,0.05,100.0,studies/two_body_paper_sweeps/runs/ellipsoid_1_0p8_0p6/ellipsoid_1_0p8_0p6_rho0p3_E16_sep5_run02_impulse_noproj/input.txt,studies/two_body_paper_sweeps/runs/ellipsoid_1_0p8_0p6/ellipsoid_1_0p8_0p6_rho0p3_E16_sep5_run02_impulse_noproj/multiple_body_complete.dat
71,ellipsoid_1_0p8_0p6_rho0p3_E16_sep8_run01_impulse_noproj,ellipsoid_1_0p8_0p6,0.3,16.0,8.0,1,impulse_noproj,2,0.05,100.0,studies/two_body_paper_sweeps/runs/ellipsoid_1_0p8_0p6/ellipsoid_1_0p8_0p6_rho0p3_E16_sep8_run01_impulse_noproj/input.txt,studies/two_body_paper_sweeps/runs/ellipsoid_1_0p8_0p6/ellipsoid_1_0p8_0p6_rho0p3_E16_sep8_run01_impulse_noproj/multiple_body_complete.dat
72,ellipsoid_1_0p8_0p6_rho0p3_E16_sep8_run02_impulse_noproj,ellipsoid_1_0p8_0p6,0.3,16.0,8.0,2,impulse_noproj,2,0.05,100.0,studies/two_body_paper_sweeps/runs/ellipsoid_1_0p8_0p6/ellipsoid_1_0p8_0p6_rho0p3_E16_sep8_run02_impulse_noproj/input.txt,studies/two_body_paper_sweeps/runs/ellipsoid_1_0p8_0p6/ellipsoid_1_0p8_0p6_rho0p3_E16_sep8_run02_impulse_noproj/multiple_body_complete.dat
73,ellipsoid_1_0p8_0p6_rho0p1_E0p25_sep3_run01_impulse_noproj,ellipsoid_1_0p8_0p6,0.1,0.25,3.0,1,impulse_noproj,2,0.05,100.0,studies/two_body_paper_sweeps/runs/ellipsoid_1_0p8_0p6/ellipsoid_1_0p8_0p6_rho0p1_E0p25_sep3_run01_impulse_noproj/input.txt,studies/two_body_paper_sweeps/runs/ellipsoid_1_0p8_0p6/ellipsoid_1_0p8_0p6_rho0p1_E0p25_sep3_run01_impulse_noproj/multiple_body_complete.dat
74,ellipsoid_1_0p8_0p6_rho0p1_E0p25_sep3_run02_impulse_noproj,ellipsoid_1_0p8_0p6,0.1,0.25,3.0,2,impulse_noproj,2,0.05,100.0,studies/two_body_paper_sweeps/runs/ellipsoid_1_0p8_0p6/ellipsoid_1_0p8_0p6_rho0p1_E0p25_sep3_run02_impulse_noproj/input.txt,studies/two_body_paper_sweeps/runs/ellipsoid_1_0p8_0p6/ellipsoid_1_0p8_0p6_rho0p1_E0p25_sep3_run02_impulse_noproj/multiple_body_complete.dat
75,ellipsoid_1_0p8_0p6_rho0p1_E0p25_sep5_run01_impulse_noproj,ellipsoid_1_0p8_0p6,0.1,0.25,5.0,1,impulse_noproj,2,0.05,100.0,studies/two_body_paper_sweeps/runs/ellipsoid_1_0p8_0p6/ellipsoid_1_0p8_0p6_rho0p1_E0p25_sep5_run01_impulse_noproj/input.txt,studies/two_body_paper_sweeps/runs/ellipsoid_1_0p8_0p6/ellipsoid_1_0p8_0p6_rho0p1_E0p25_sep5_run01_impulse_noproj/multiple_body_complete.dat
76,ellipsoid_1_0p8_0p6_rho0p1_E0p25_sep5_run02_impulse_noproj,ellipsoid_1_0p8_0p6,0.1,0.25,5.0,2,impulse_noproj,2,0.05,100.0,studies/two_body_paper_sweeps/runs/ellipsoid_1_0p8_0p6/ellipsoid_1_0p8_0p6_rho0p1_E0p25_sep5_run02_impulse_noproj/input.txt,studies/two_body_paper_sweeps/runs/ellipsoid_1_0p8_0p6/ellipsoid_1_0p8_0p6_rho0p1_E0p25_sep5_run02_impulse_noproj/multiple_body_complete.dat
77,ellipsoid_1_0p8_0p6_rho0p1_E0p25_sep8_run01_impulse_noproj,ellipsoid_1_0p8_0p6,0.1,0.25,8.0,1,impulse_noproj,2,0.05,100.0,studies/two_body_paper_sweeps/runs/ellipsoid_1_0p8_0p6/ellipsoid_1_0p8_0p6_rho0p1_E0p25_sep8_run01_impulse_noproj/input.txt,studies/two_body_paper_sweeps/runs/ellipsoid_1_0p8_0p6/ellipsoid_1_0p8_0p6_rho0p1_E0p25_sep8_run01_impulse_noproj/multiple_body_complete.dat
78,ellipsoid_1_0p8_0p6_rho0p1_E0p25_sep8_run02_impulse_noproj,ellipsoid_1_0p8_0p6,0.1,0.25,8.0,2,impulse_noproj,2,0.05,100.0,studies/two_body_paper_sweeps/runs/ellipsoid_1_0p8_0p6/ellipsoid_1_0p8_0p6_rho0p1_E0p25_sep8_run02_impulse_noproj/input.txt,studies/two_body_paper_sweeps/runs/ellipsoid_1_0p8_0p6/ellipsoid_1_0p8_0p6_rho0p1_E0p25_sep8_run02_impulse_noproj/multiple_body_complete.dat
79,ellipsoid_1_0p8_0p6_rho0p1_E1_sep3_run01_impulse_noproj,ellipsoid_1_0p8_0p6,0.1,1.0,3.0,1,impulse_noproj,2,0.05,100.0,studies/two_body_paper_sweeps/runs/ellipsoid_1_0p8_0p6/ellipsoid_1_0p8_0p6_rho0p1_E1_sep3_run01_impulse_noproj/input.txt,studies/two_body_paper_sweeps/runs/ellipsoid_1_0p8_0p6/ellipsoid_1_0p8_0p6_rho0p1_E1_sep3_run01_impulse_noproj/multiple_body_complete.dat
80,ellipsoid_1_0p8_0p6_rho0p1_E1_sep3_run02_impulse_noproj,ellipsoid_1_0p8_0p6,0.1,1.0,3.0,2,impulse_noproj,2,0.05,100.0,studies/two_body_paper_sweeps/runs/ellipsoid_1_0p8_0p6/ellipsoid_1_0p8_0p6_rho0p1_E1_sep3_run02_impulse_noproj/input.txt,studies/two_body_paper_sweeps/runs/ellipsoid_1_0p8_0p6/ellipsoid_1_0p8_0p6_rho0p1_E1_sep3_run02_impulse_noproj/multiple_body_complete.dat
81,ellipsoid_1_0p8_0p6_rho0p1_E1_sep5_run01_impulse_noproj,ellipsoid_1_0p8_0p6,0.1,1.0,5.0,1,impulse_noproj,2,0.05,100.0,studies/two_body_paper_sweeps/runs/ellipsoid_1_0p8_0p6/ellipsoid_1_0p8_0p6_rho0p1_E1_sep5_run01_impulse_noproj/input.txt,studies/two_body_paper_sweeps/runs/ellipsoid_1_0p8_0p6/ellipsoid_1_0p8_0p6_rho0p1_E1_sep5_run01_impulse_noproj/multiple_body_complete.dat
82,ellipsoid_1_0p8_0p6_rho0p1_E1_sep5_run02_impulse_noproj,ellipsoid_1_0p8_0p6,0.1,1.0,5.0,2,impulse_noproj,2,0.05,100.0,studies/two_body_paper_sweeps/runs/ellipsoid_1_0p8_0p6/ellipsoid_1_0p8_0p6_rho0p1_E1_sep5_run02_impulse_noproj/input.txt,studies/two_body_paper_sweeps/runs/ellipsoid_1_0p8_0p6/ellipsoid_1_0p8_0p6_rho0p1_E1_sep5_run02_impulse_noproj/multiple_body_complete.dat
83,ellipsoid_1_0p8_0p6_rho0p1_E1_sep8_run01_impulse_noproj,ellipsoid_1_0p8_0p6,0.1,1.0,8.0,1,impulse_noproj,2,0.05,100.0,studies/two_body_paper_sweeps/runs/ellipsoid_1_0p8_0p6/ellipsoid_1_0p8_0p6_rho0p1_E1_sep8_run01_impulse_noproj/input.txt,studies/two_body_paper_sweeps/runs/ellipsoid_1_0p8_0p6/ellipsoid_1_0p8_0p6_rho0p1_E1_sep8_run01_impulse_noproj/multiple_body_complete.dat
84,ellipsoid_1_0p8_0p6_rho0p1_E1_sep8_run02_impulse_noproj,ellipsoid_1_0p8_0p6,0.1,1.0,8.0,2,impulse_noproj,2,0.05,100.0,studies/two_body_paper_sweeps/runs/ellipsoid_1_0p8_0p6/ellipsoid_1_0p8_0p6_rho0p1_E1_sep8_run02_impulse_noproj/input.txt,studies/two_body_paper_sweeps/runs/ellipsoid_1_0p8_0p6/ellipsoid_1_0p8_0p6_rho0p1_E1_sep8_run02_impulse_noproj/multiple_body_complete.dat
85,ellipsoid_1_0p8_0p6_rho0p1_E4_sep3_run01_impulse_noproj,ellipsoid_1_0p8_0p6,0.1,4.0,3.0,1,impulse_noproj,2,0.05,100.0,studies/two_body_paper_sweeps/runs/ellipsoid_1_0p8_0p6/ellipsoid_1_0p8_0p6_rho0p1_E4_sep3_run01_impulse_noproj/input.txt,studies/two_body_paper_sweeps/runs/ellipsoid_1_0p8_0p6/ellipsoid_1_0p8_0p6_rho0p1_E4_sep3_run01_impulse_noproj/multiple_body_complete.dat
86,ellipsoid_1_0p8_0p6_rho0p1_E4_sep3_run02_impulse_noproj,ellipsoid_1_0p8_0p6,0.1,4.0,3.0,2,impulse_noproj,2,0.05,100.0,studies/two_body_paper_sweeps/runs/ellipsoid_1_0p8_0p6/ellipsoid_1_0p8_0p6_rho0p1_E4_sep3_run02_impulse_noproj/input.txt,studies/two_body_paper_sweeps/runs/ellipsoid_1_0p8_0p6/ellipsoid_1_0p8_0p6_rho0p1_E4_sep3_run02_impulse_noproj/multiple_body_complete.dat
87,ellipsoid_1_0p8_0p6_rho0p1_E4_sep5_run01_impulse_noproj,ellipsoid_1_0p8_0p6,0.1,4.0,5.0,1,impulse_noproj,2,0.05,100.0,studies/two_body_paper_sweeps/runs/ellipsoid_1_0p8_0p6/ellipsoid_1_0p8_0p6_rho0p1_E4_sep5_run01_impulse_noproj/input.txt,studies/two_body_paper_sweeps/runs/ellipsoid_1_0p8_0p6/ellipsoid_1_0p8_0p6_rho0p1_E4_sep5_run01_impulse_noproj/multiple_body_complete.dat
88,ellipsoid_1_0p8_0p6_rho0p1_E4_sep5_run02_impulse_noproj,ellipsoid_1_0p8_0p6,0.1,4.0,5.0,2,impulse_noproj,2,0.05,100.0,studies/two_body_paper_sweeps/runs/ellipsoid_1_0p8_0p6/ellipsoid_1_0p8_0p6_rho0p1_E4_sep5_run02_impulse_noproj/input.txt,studies/two_body_paper_sweeps/runs/ellipsoid_1_0p8_0p6/ellipsoid_1_0p8_0p6_rho0p1_E4_sep5_run02_impulse_noproj/multiple_body_complete.dat
89,ellipsoid_1_0p8_0p6_rho0p1_E4_sep8_run01_impulse_noproj,ellipsoid_1_0p8_0p6,0.1,4.0,8.0,1,impulse_noproj,2,0.05,100.0,studies/two_body_paper_sweeps/runs/ellipsoid_1_0p8_0p6/ellipsoid_1_0p8_0p6_rho0p1_E4_sep8_run01_impulse_noproj/input.txt,studies/two_body_paper_sweeps/runs/ellipsoid_1_0p8_0p6/ellipsoid_1_0p8_0p6_rho0p1_E4_sep8_run01_impulse_noproj/multiple_body_complete.dat
90,ellipsoid_1_0p8_0p6_rho0p1_E4_sep8_run02_impulse_noproj,ellipsoid_1_0p8_0p6,0.1,4.0,8.0,2,impulse_noproj,2,0.05,100.0,studies/two_body_paper_sweeps/runs/ellipsoid_1_0p8_0p6/ellipsoid_1_0p8_0p6_rho0p1_E4_sep8_run02_impulse_noproj/input.txt,studies/two_body_paper_sweeps/runs/ellipsoid_1_0p8_0p6/ellipsoid_1_0p8_0p6_rho0p1_E4_sep8_run02_impulse_noproj/multiple_body_complete.dat
91,ellipsoid_1_0p8_0p6_rho0p1_E16_sep3_run01_impulse_noproj,ellipsoid_1_0p8_0p6,0.1,16.0,3.0,1,impulse_noproj,2,0.05,100.0,studies/two_body_paper_sweeps/runs/ellipsoid_1_0p8_0p6/ellipsoid_1_0p8_0p6_rho0p1_E16_sep3_run01_impulse_noproj/input.txt,studies/two_body_paper_sweeps/runs/ellipsoid_1_0p8_0p6/ellipsoid_1_0p8_0p6_rho0p1_E16_sep3_run01_impulse_noproj/multiple_body_complete.dat
92,ellipsoid_1_0p8_0p6_rho0p1_E16_sep3_run02_impulse_noproj,ellipsoid_1_0p8_0p6,0.1,16.0,3.0,2,impulse_noproj,2,0.05,100.0,studies/two_body_paper_sweeps/runs/ellipsoid_1_0p8_0p6/ellipsoid_1_0p8_0p6_rho0p1_E16_sep3_run02_impulse_noproj/input.txt,studies/two_body_paper_sweeps/runs/ellipsoid_1_0p8_0p6/ellipsoid_1_0p8_0p6_rho0p1_E16_sep3_run02_impulse_noproj/multiple_body_complete.dat
93,ellipsoid_1_0p8_0p6_rho0p1_E16_sep5_run01_impulse_noproj,ellipsoid_1_0p8_0p6,0.1,16.0,5.0,1,impulse_noproj,2,0.05,100.0,studies/two_body_paper_sweeps/runs/ellipsoid_1_0p8_0p6/ellipsoid_1_0p8_0p6_rho0p1_E16_sep5_run01_impulse_noproj/input.txt,studies/two_body_paper_sweeps/runs/ellipsoid_1_0p8_0p6/ellipsoid_1_0p8_0p6_rho0p1_E16_sep5_run01_impulse_noproj/multiple_body_complete.dat
94,ellipsoid_1_0p8_0p6_rho0p1_E16_sep5_run02_impulse_noproj,ellipsoid_1_0p8_0p6,0.1,16.0,5.0,2,impulse_noproj,2,0.05,100.0,studies/two_body_paper_sweeps/runs/ellipsoid_1_0p8_0p6/ellipsoid_1_0p8_0p6_rho0p1_E16_sep5_run02_impulse_noproj/input.txt,studies/two_body_paper_sweeps/runs/ellipsoid_1_0p8_0p6/ellipsoid_1_0p8_0p6_rho0p1_E16_sep5_run02_impulse_noproj/multiple_body_complete.dat
95,ellipsoid_1_0p8_0p6_rho0p1_E16_sep8_run01_impulse_noproj,ellipsoid_1_0p8_0p6,0.1,16.0,8.0,1,impulse_noproj,2,0.05,100.0,studies/two_body_paper_sweeps/runs/ellipsoid_1_0p8_0p6/ellipsoid_1_0p8_0p6_rho0p1_E16_sep8_run01_impulse_noproj/input.txt,studies/two_body_paper_sweeps/runs/ellipsoid_1_0p8_0p6/ellipsoid_1_0p8_0p6_rho0p1_E16_sep8_run01_impulse_noproj/multiple_body_complete.dat
96,ellipsoid_1_0p8_0p6_rho0p1_E16_sep8_run02_impulse_noproj,ellipsoid_1_0p8_0p6,0.1,16.0,8.0,2,impulse_noproj,2,0.05,100.0,studies/two_body_paper_sweeps/runs/ellipsoid_1_0p8_0p6/ellipsoid_1_0p8_0p6_rho0p1_E16_sep8_run02_impulse_noproj/input.txt,studies/two_body_paper_sweeps/runs/ellipsoid_1_0p8_0p6/ellipsoid_1_0p8_0p6_rho0p1_E16_sep8_run02_impulse_noproj/multiple_body_complete.dat
97,ellipsoid_1_0p8_0p6_rho0p03_E0p25_sep3_run01_impulse_noproj,ellipsoid_1_0p8_0p6,0.03,0.25,3.0,1,impulse_noproj,2,0.05,100.0,studies/two_body_paper_sweeps/runs/ellipsoid_1_0p8_0p6/ellipsoid_1_0p8_0p6_rho0p03_E0p25_sep3_run01_impulse_noproj/input.txt,studies/two_body_paper_sweeps/runs/ellipsoid_1_0p8_0p6/ellipsoid_1_0p8_0p6_rho0p03_E0p25_sep3_run01_impulse_noproj/multiple_body_complete.dat
98,ellipsoid_1_0p8_0p6_rho0p03_E0p25_sep3_run02_impulse_noproj,ellipsoid_1_0p8_0p6,0.03,0.25,3.0,2,impulse_noproj,2,0.05,100.0,studies/two_body_paper_sweeps/runs/ellipsoid_1_0p8_0p6/ellipsoid_1_0p8_0p6_rho0p03_E0p25_sep3_run02_impulse_noproj/input.txt,studies/two_body_paper_sweeps/runs/ellipsoid_1_0p8_0p6/ellipsoid_1_0p8_0p6_rho0p03_E0p25_sep3_run02_impulse_noproj/multiple_body_complete.dat
99,ellipsoid_1_0p8_0p6_rho0p03_E0p25_sep5_run01_impulse_noproj,ellipsoid_1_0p8_0p6,0.03,0.25,5.0,1,impulse_noproj,2,0.05,100.0,studies/two_body_paper_sweeps/runs/ellipsoid_1_0p8_0p6/ellipsoid_1_0p8_0p6_rho0p03_E0p25_sep5_run01_impulse_noproj/input.txt,studies/two_body_paper_sweeps/runs/ellipsoid_1_0p8_0p6/ellipsoid_1_0p8_0p6_rho0p03_E0p25_sep5_run01_impulse_noproj/multiple_body_complete.dat
100,ellipsoid_1_0p8_0p6_rho0p03_E0p25_sep5_run02_impulse_noproj,ellipsoid_1_0p8_0p6,0.03,0.25,5.0,2,impulse_noproj,2,0.05,100.0,studies/two_body_paper_sweeps/runs/ellipsoid_1_0p8_0p6/ellipsoid_1_0p8_0p6_rho0p03_E0p25_sep5_run02_impulse_noproj/input.txt,studies/two_body_paper_sweeps/runs/ellipsoid_1_0p8_0p6/ellipsoid_1_0p8_0p6_rho0p03_E0p25_sep5_run02_impulse_noproj/multiple_body_complete.dat
101,ellipsoid_1_0p8_0p6_rho0p03_E0p25_sep8_run01_impulse_noproj,ellipsoid_1_0p8_0p6,0.03,0.25,8.0,1,impulse_noproj,2,0.05,100.0,studies/two_body_paper_sweeps/runs/ellipsoid_1_0p8_0p6/ellipsoid_1_0p8_0p6_rho0p03_E0p25_sep8_run01_impulse_noproj/input.txt,studies/two_body_paper_sweeps/runs/ellipsoid_1_0p8_0p6/ellipsoid_1_0p8_0p6_rho0p03_E0p25_sep8_run01_impulse_noproj/multiple_body_complete.dat
102,ellipsoid_1_0p8_0p6_rho0p03_E0p25_sep8_run02_impulse_noproj,ellipsoid_1_0p8_0p6,0.03,0.25,8.0,2,impulse_noproj,2,0.05,100.0,studies/two_body_paper_sweeps/runs/ellipsoid_1_0p8_0p6/ellipsoid_1_0p8_0p6_rho0p03_E0p25_sep8_run02_impulse_noproj/input.txt,studies/two_body_paper_sweeps/runs/ellipsoid_1_0p8_0p6/ellipsoid_1_0p8_0p6_rho0p03_E0p25_sep8_run02_impulse_noproj/multiple_body_complete.dat
103,ellipsoid_1_0p8_0p6_rho0p03_E1_sep3_run01_impulse_noproj,ellipsoid_1_0p8_0p6,0.03,1.0,3.0,1,impulse_noproj,2,0.05,100.0,studies/two_body_paper_sweeps/runs/ellipsoid_1_0p8_0p6/ellipsoid_1_0p8_0p6_rho0p03_E1_sep3_run01_impulse_noproj/input.txt,studies/two_body_paper_sweeps/runs/ellipsoid_1_0p8_0p6/ellipsoid_1_0p8_0p6_rho0p03_E1_sep3_run01_impulse_noproj/multiple_body_complete.dat
104,ellipsoid_1_0p8_0p6_rho0p03_E1_sep3_run02_impulse_noproj,ellipsoid_1_0p8_0p6,0.03,1.0,3.0,2,impulse_noproj,2,0.05,100.0,studies/two_body_paper_sweeps/runs/ellipsoid_1_0p8_0p6/ellipsoid_1_0p8_0p6_rho0p03_E1_sep3_run02_impulse_noproj/input.txt,studies/two_body_paper_sweeps/runs/ellipsoid_1_0p8_0p6/ellipsoid_1_0p8_0p6_rho0p03_E1_sep3_run02_impulse_noproj/multiple_body_complete.dat
105,ellipsoid_1_0p8_0p6_rho0p03_E1_sep5_run01_impulse_noproj,ellipsoid_1_0p8_0p6,0.03,1.0,5.0,1,impulse_noproj,2,0.05,100.0,studies/two_body_paper_sweeps/runs/ellipsoid_1_0p8_0p6/ellipsoid_1_0p8_0p6_rho0p03_E1_sep5_run01_impulse_noproj/input.txt,studies/two_body_paper_sweeps/runs/ellipsoid_1_0p8_0p6/ellipsoid_1_0p8_0p6_rho0p03_E1_sep5_run01_impulse_noproj/multiple_body_complete.dat
106,ellipsoid_1_0p8_0p6_rho0p03_E1_sep5_run02_impulse_noproj,ellipsoid_1_0p8_0p6,0.03,1.0,5.0,2,impulse_noproj,2,0.05,100.0,studies/two_body_paper_sweeps/runs/ellipsoid_1_0p8_0p6/ellipsoid_1_0p8_0p6_rho0p03_E1_sep5_run02_impulse_noproj/input.txt,studies/two_body_paper_sweeps/runs/ellipsoid_1_0p8_0p6/ellipsoid_1_0p8_0p6_rho0p03_E1_sep5_run02_impulse_noproj/multiple_body_complete.dat
107,ellipsoid_1_0p8_0p6_rho0p03_E1_sep8_run01_impulse_noproj,ellipsoid_1_0p8_0p6,0.03,1.0,8.0,1,impulse_noproj,2,0.05,100.0,studies/two_body_paper_sweeps/runs/ellipsoid_1_0p8_0p6/ellipsoid_1_0p8_0p6_rho0p03_E1_sep8_run01_impulse_noproj/input.txt,studies/two_body_paper_sweeps/runs/ellipsoid_1_0p8_0p6/ellipsoid_1_0p8_0p6_rho0p03_E1_sep8_run01_impulse_noproj/multiple_body_complete.dat
108,ellipsoid_1_0p8_0p6_rho0p03_E1_sep8_run02_impulse_noproj,ellipsoid_1_0p8_0p6,0.03,1.0,8.0,2,impulse_noproj,2,0.05,100.0,studies/two_body_paper_sweeps/runs/ellipsoid_1_0p8_0p6/ellipsoid_1_0p8_0p6_rho0p03_E1_sep8_run02_impulse_noproj/input.txt,studies/two_body_paper_sweeps/runs/ellipsoid_1_0p8_0p6/ellipsoid_1_0p8_0p6_rho0p03_E1_sep8_run02_impulse_noproj/multiple_body_complete.dat
109,ellipsoid_1_0p8_0p6_rho0p03_E4_sep3_run01_impulse_noproj,ellipsoid_1_0p8_0p6,0.03,4.0,3.0,1,impulse_noproj,2,0.05,100.0,studies/two_body_paper_sweeps/runs/ellipsoid_1_0p8_0p6/ellipsoid_1_0p8_0p6_rho0p03_E4_sep3_run01_impulse_noproj/input.txt,studies/two_body_paper_sweeps/runs/ellipsoid_1_0p8_0p6/ellipsoid_1_0p8_0p6_rho0p03_E4_sep3_run01_impulse_noproj/multiple_body_complete.dat
110,ellipsoid_1_0p8_0p6_rho0p03_E4_sep3_run02_impulse_noproj,ellipsoid_1_0p8_0p6,0.03,4.0,3.0,2,impulse_noproj,2,0.05,100.0,studies/two_body_paper_sweeps/runs/ellipsoid_1_0p8_0p6/ellipsoid_1_0p8_0p6_rho0p03_E4_sep3_run02_impulse_noproj/input.txt,studies/two_body_paper_sweeps/runs/ellipsoid_1_0p8_0p6/ellipsoid_1_0p8_0p6_rho0p03_E4_sep3_run02_impulse_noproj/multiple_body_complete.dat
111,ellipsoid_1_0p8_0p6_rho0p03_E4_sep5_run01_impulse_noproj,ellipsoid_1_0p8_0p6,0.03,4.0,5.0,1,impulse_noproj,2,0.05,100.0,studies/two_body_paper_sweeps/runs/ellipsoid_1_0p8_0p6/ellipsoid_1_0p8_0p6_rho0p03_E4_sep5_run01_impulse_noproj/input.txt,studies/two_body_paper_sweeps/runs/ellipsoid_1_0p8_0p6/ellipsoid_1_0p8_0p6_rho0p03_E4_sep5_run01_impulse_noproj/multiple_body_complete.dat
112,ellipsoid_1_0p8_0p6_rho0p03_E4_sep5_run02_impulse_noproj,ellipsoid_1_0p8_0p6,0.03,4.0,5.0,2,impulse_noproj,2,0.05,100.0,studies/two_body_paper_sweeps/runs/ellipsoid_1_0p8_0p6/ellipsoid_1_0p8_0p6_rho0p03_E4_sep5_run02_impulse_noproj/input.txt,studies/two_body_paper_sweeps/runs/ellipsoid_1_0p8_0p6/ellipsoid_1_0p8_0p6_rho0p03_E4_sep5_run02_impulse_noproj/multiple_body_complete.dat
113,ellipsoid_1_0p8_0p6_rho0p03_E4_sep8_run01_impulse_noproj,ellipsoid_1_0p8_0p6,0.03,4.0,8.0,1,impulse_noproj,2,0.05,100.0,studies/two_body_paper_sweeps/runs/ellipsoid_1_0p8_0p6/ellipsoid_1_0p8_0p6_rho0p03_E4_sep8_run01_impulse_noproj/input.txt,studies/two_body_paper_sweeps/runs/ellipsoid_1_0p8_0p6/ellipsoid_1_0p8_0p6_rho0p03_E4_sep8_run01_impulse_noproj/multiple_body_complete.dat
114,ellipsoid_1_0p8_0p6_rho0p03_E4_sep8_run02_impulse_noproj,ellipsoid_1_0p8_0p6,0.03,4.0,8.0,2,impulse_noproj,2,0.05,100.0,studies/two_body_paper_sweeps/runs/ellipsoid_1_0p8_0p6/ellipsoid_1_0p8_0p6_rho0p03_E4_sep8_run02_impulse_noproj/input.txt,studies/two_body_paper_sweeps/runs/ellipsoid_1_0p8_0p6/ellipsoid_1_0p8_0p6_rho0p03_E4_sep8_run02_impulse_noproj/multiple_body_complete.dat
115,ellipsoid_1_0p8_0p6_rho0p03_E16_sep3_run01_impulse_noproj,ellipsoid_1_0p8_0p6,0.03,16.0,3.0,1,impulse_noproj,2,0.05,100.0,studies/two_body_paper_sweeps/runs/ellipsoid_1_0p8_0p6/ellipsoid_1_0p8_0p6_rho0p03_E16_sep3_run01_impulse_noproj/input.txt,studies/two_body_paper_sweeps/runs/ellipsoid_1_0p8_0p6/ellipsoid_1_0p8_0p6_rho0p03_E16_sep3_run01_impulse_noproj/multiple_body_complete.dat
116,ellipsoid_1_0p8_0p6_rho0p03_E16_sep3_run02_impulse_noproj,ellipsoid_1_0p8_0p6,0.03,16.0,3.0,2,impulse_noproj,2,0.05,100.0,studies/two_body_paper_sweeps/runs/ellipsoid_1_0p8_0p6/ellipsoid_1_0p8_0p6_rho0p03_E16_sep3_run02_impulse_noproj/input.txt,studies/two_body_paper_sweeps/runs/ellipsoid_1_0p8_0p6/ellipsoid_1_0p8_0p6_rho0p03_E16_sep3_run02_impulse_noproj/multiple_body_complete.dat
117,ellipsoid_1_0p8_0p6_rho0p03_E16_sep5_run01_impulse_noproj,ellipsoid_1_0p8_0p6,0.03,16.0,5.0,1,impulse_noproj,2,0.05,100.0,studies/two_body_paper_sweeps/runs/ellipsoid_1_0p8_0p6/ellipsoid_1_0p8_0p6_rho0p03_E16_sep5_run01_impulse_noproj/input.txt,studies/two_body_paper_sweeps/runs/ellipsoid_1_0p8_0p6/ellipsoid_1_0p8_0p6_rho0p03_E16_sep5_run01_impulse_noproj/multiple_body_complete.dat
118,ellipsoid_1_0p8_0p6_rho0p03_E16_sep5_run02_impulse_noproj,ellipsoid_1_0p8_0p6,0.03,16.0,5.0,2,impulse_noproj,2,0.05,100.0,studies/two_body_paper_sweeps/runs/ellipsoid_1_0p8_0p6/ellipsoid_1_0p8_0p6_rho0p03_E16_sep5_run02_impulse_noproj/input.txt,studies/two_body_paper_sweeps/runs/ellipsoid_1_0p8_0p6/ellipsoid_1_0p8_0p6_rho0p03_E16_sep5_run02_impulse_noproj/multiple_body_complete.dat
119,ellipsoid_1_0p8_0p6_rho0p03_E16_sep8_run01_impulse_noproj,ellipsoid_1_0p8_0p6,0.03,16.0,8.0,1,impulse_noproj,2,0.05,100.0,studies/two_body_paper_sweeps/runs/ellipsoid_1_0p8_0p6/ellipsoid_1_0p8_0p6_rho0p03_E16_sep8_run01_impulse_noproj/input.txt,studies/two_body_paper_sweeps/runs/ellipsoid_1_0p8_0p6/ellipsoid_1_0p8_0p6_rho0p03_E16_sep8_run01_impulse_noproj/multiple_body_complete.dat
120,ellipsoid_1_0p8_0p6_rho0p03_E16_sep8_run02_impulse_noproj,ellipsoid_1_0p8_0p6,0.03,16.0,8.0,2,impulse_noproj,2,0.05,100.0,studies/two_body_paper_sweeps/runs/ellipsoid_1_0p8_0p6/ellipsoid_1_0p8_0p6_rho0p03_E16_sep8_run02_impulse_noproj/input.txt,studies/two_body_paper_sweeps/runs/ellipsoid_1_0p8_0p6/ellipsoid_1_0p8_0p6_rho0p03_E16_sep8_run02_impulse_noproj/multiple_body_complete.dat
